lineage	time	gene	yhat	lineage_name
1	0.0	Neurog3	54.03948696436151	Alpha
1	0.13882284774798587	Neurog3	49.53527011745923	Alpha
1	0.27764569549597173	Neurog3	45.41458025793022	Alpha
1	0.4164685432439576	Neurog3	41.65153154206224	Alpha
1	0.5552913909919435	Neurog3	38.22073180569389	Alpha
1	0.6941142387399293	Neurog3	35.09755184602034	Alpha
1	0.8329370864879152	Neurog3	32.25833177211158	Alpha
1	0.9717599342359011	Neurog3	29.680532539577534	Alpha
1	1.110582781983887	Neurog3	27.342840503711077	Alpha
1	1.2494056297318727	Neurog3	25.22523237166752	Alpha
1	1.3882284774798586	Neurog3	23.309007364972008	Alpha
1	1.5270513252278446	Neurog3	21.576792766548024	Alpha
1	1.6658741729758304	Neurog3	20.012528360017942	Alpha
1	1.8046970207238162	Neurog3	18.60143460333945	Alpha
1	1.9435198684718022	Neurog3	17.32996873658888	Alpha
1	2.082342716219788	Neurog3	16.18577242116742	Alpha
1	2.221165563967774	Neurog3	15.157613955922468	Alpha
1	2.3599884117157597	Neurog3	14.235254413944851	Alpha
1	2.4988112594637455	Neurog3	13.40765595934335	Alpha
1	2.6376341072117313	Neurog3	12.663286960329144	Alpha
1	2.776456954959717	Neurog3	11.99210974577425	Alpha
1	2.9152798027077034	Neurog3	11.385441676691755	Alpha
1	3.054102650455689	Neurog3	10.835748145353842	Alpha
1	3.192925498203675	Neurog3	10.336469799755646	Alpha
1	3.331748345951661	Neurog3	9.881877923587545	Alpha
1	3.4705711936996466	Neurog3	9.466953051454395	Alpha
1	3.6093940414476324	Neurog3	9.087282819304441	Alpha
1	3.7482168891956182	Neurog3	8.73897578894427	Alpha
1	3.8870397369436045	Neurog3	8.418588580613214	Alpha
1	4.02586258469159	Neurog3	8.123064128273496	Alpha
1	4.164685432439576	Neurog3	7.849679261627839	Alpha
1	4.303508280187562	Neurog3	7.59600013508272	Alpha
1	4.442331127935548	Neurog3	7.359844281358636	Alpha
1	4.5811539756835336	Neurog3	7.139248277548676	Alpha
1	4.719976823431519	Neurog3	6.932440183249013	Alpha
1	4.858799671179505	Neurog3	6.73781605113352	Alpha
1	4.997622518927491	Neurog3	6.553919925756598	Alpha
1	5.136445366675477	Neurog3	6.379426841109342	Alpha
1	5.275268214423463	Neurog3	6.213128405199611	Alpha
1	5.414091062171448	Neurog3	6.053920623679071	Alpha
1	5.552913909919434	Neurog3	5.900793666726323	Alpha
1	5.691736757667421	Neurog3	5.752823325971934	Alpha
1	5.830559605415407	Neurog3	5.609163942836492	Alpha
1	5.9693824531633926	Neurog3	5.469042617570921	Alpha
1	6.108205300911378	Neurog3	5.331754530639644	Alpha
1	6.247028148659364	Neurog3	5.196659225807352	Alpha
1	6.38585099640735	Neurog3	5.063177718168894	Alpha
1	6.524673844155336	Neurog3	4.930790301094091	Alpha
1	6.663496691903322	Neurog3	4.799034934250306	Alpha
1	6.802319539651307	Neurog3	4.667506101075464	Alpha
1	6.941142387399293	Neurog3	4.535854028799579	Alpha
1	7.079965235147279	Neurog3	4.403784167828042	Alpha
1	7.218788082895265	Neurog3	4.271056830447817	Alpha
1	7.357610930643251	Neurog3	4.137486891805138	Alpha
1	7.4964337783912365	Neurog3	4.002943459335102	Alpha
1	7.635256626139222	Neurog3	3.8673494205755943	Alpha
1	7.774079473887209	Neurog3	3.730680784236506	Alpha
1	7.912902321635195	Neurog3	3.592965734901185	Alpha
1	8.05172516938318	Neurog3	3.454283329613068	Alpha
1	8.190548017131166	Neurog3	3.3147617731349026	Alpha
1	8.329370864879152	Neurog3	3.1745762195254326	Alpha
1	8.468193712627137	Neurog3	3.0339460599889017	Alpha
1	8.607016560375124	Neurog3	2.8931316709831894	Alpha
1	8.745839408123109	Neurog3	2.752502605203339	Alpha
1	8.884662255871095	Neurog3	2.6129890593315395	Alpha
1	9.023485103619082	Neurog3	2.475664900627892	Alpha
1	9.162307951367067	Neurog3	2.3414501131712204	Alpha
1	9.301130799115054	Neurog3	2.21111386010803	Alpha
1	9.439953646863039	Neurog3	2.085282117544514	Alpha
1	9.578776494611025	Neurog3	1.9644474309180635	Alpha
1	9.71759934235901	Neurog3	1.8489801589018284	Alpha
1	9.856422190106997	Neurog3	1.739140638199283	Alpha
1	9.995245037854982	Neurog3	1.635091779499944	Alpha
1	10.134067885602969	Neurog3	1.5369116851802445	Alpha
1	10.272890733350954	Neurog3	1.4446059587900688	Alpha
1	10.41171358109894	Neurog3	1.3581194518134616	Alpha
1	10.550536428846925	Neurog3	1.2773472622811268	Alpha
1	10.689359276594912	Neurog3	1.2021448611673062	Alpha
1	10.828182124342897	Neurog3	1.1323372753645498	Alpha
1	10.967004972090884	Neurog3	1.0677273002586363	Alpha
1	11.105827819838868	Neurog3	1.0081027508139937	Alpha
1	11.244650667586855	Neurog3	0.9532427882402763	Alpha
1	11.383473515334842	Neurog3	0.9029233805712006	Alpha
1	11.522296363082827	Neurog3	0.856921970796467	Alpha
1	11.661119210830813	Neurog3	0.8150214365511863	Alpha
1	11.799942058578798	Neurog3	0.7770134317871503	Alpha
1	11.938764906326785	Neurog3	0.7427012042989224	Alpha
1	12.07758775407477	Neurog3	0.7119019843605053	Alpha
1	12.216410601822757	Neurog3	0.6844490399090597	Alpha
1	12.355233449570742	Neurog3	0.6601934934656749	Alpha
1	12.494056297318728	Neurog3	0.6390059960674365	Alpha
1	12.632879145066713	Neurog3	0.6207783546144071	Alpha
1	12.7717019928147	Neurog3	0.6054252119403312	Alpha
1	12.910524840562685	Neurog3	0.592885884373647	Alpha
1	13.049347688310672	Neurog3	0.5831264704410131	Alpha
1	13.188170536058657	Neurog3	0.5761423577194323	Alpha
1	13.326993383806643	Neurog3	0.5719612739538125	Alpha
1	13.46581623155463	Neurog3	0.5706470550716956	Alpha
1	13.604639079302615	Neurog3	0.5723043387969644	Alpha
1	13.743461927050602	Neurog3	0.5770844410398727	Alpha
1	13.882284774798586	Neurog3	0.5851927369391358	Alpha
1	14.021107622546573	Neurog3	0.596897954501011	Alpha
1	14.159930470294558	Neurog3	0.6125439032107739	Alpha
1	14.298753318042545	Neurog3	0.6325643123221092	Alpha
1	14.43757616579053	Neurog3	0.6575016568505114	Alpha
1	14.576399013538516	Neurog3	0.688031121660565	Alpha
1	14.715221861286501	Neurog3	0.7249912204802454	Alpha
1	14.854044709034488	Neurog3	0.7694230821045922	Alpha
1	14.992867556782473	Neurog3	0.8226210894161264	Alpha
1	15.13169040453046	Neurog3	0.8846050443398773	Alpha
1	15.270513252278445	Neurog3	0.938642346878541	Alpha
1	15.409336100026431	Neurog3	0.9546242967382531	Alpha
1	15.548158947774418	Neurog3	0.9038123784122528	Alpha
1	15.686981795522403	Neurog3	0.7736943060068145	Alpha
1	15.82580464327039	Neurog3	0.5816177924318894	Alpha
1	15.964627491018375	Neurog3	0.37480225569024617	Alpha
1	16.10345033876636	Neurog3	0.21030783862232225	Alpha
1	16.242273186514346	Neurog3	0.10636240554663247	Alpha
1	16.38109603426233	Neurog3	0.05019268863031015	Alpha
1	16.51991888201032	Neurog3	0.02287981863467314	Alpha
2	0.0	Neurog3	59.85925813516273	Beta
2	0.1332471976474149	Neurog3	53.35186774348079	Beta
2	0.2664943952948298	Neurog3	47.567081768727014	Beta
2	0.39974159294224476	Neurog3	42.43659740073118	Beta
2	0.5329887905896596	Neurog3	37.89573626470553	Beta
2	0.6662359882370745	Neurog3	33.88398456936328	Beta
2	0.7994831858844895	Neurog3	30.345305598118365	Beta
2	0.9327303835319044	Neurog3	27.228270263445104	Beta
2	1.0659775811793193	Neurog3	24.486046489903675	Beta
2	1.1992247788267343	Neurog3	22.076282831516465	Beta
2	1.332471976474149	Neurog3	19.960916347802808	Beta
2	1.465719174121564	Neurog3	18.105929630533744	Beta
2	1.598966371768979	Neurog3	16.481077167001605	Beta
2	1.7322135694163938	Neurog3	15.05959704706824	Beta
2	1.8654607670638088	Neurog3	13.81792041529739	Beta
2	1.9987079647112236	Neurog3	12.735388039919236	Beta
2	2.1319551623586386	Neurog3	11.793980894910266	Beta
2	2.2652023600060534	Neurog3	10.978069043325899	Beta
2	2.3984495576534686	Neurog3	10.2737570385776	Beta
2	2.5316967553008833	Neurog3	9.666013864822903	Beta
2	2.664943952948298	Neurog3	9.140911494939157	Beta
2	2.7981911505957133	Neurog3	8.686889159211173	Beta
2	2.931438348243128	Neurog3	8.294313895838412	Beta
2	3.064685545890543	Neurog3	7.955120997630866	Beta
2	3.197932743537958	Neurog3	7.662526204638459	Beta
2	3.331179941185373	Neurog3	7.410793999459521	Beta
2	3.4644271388327876	Neurog3	7.1950500590807405	Beta
2	3.5976743364802024	Neurog3	7.01112860763183	Beta
2	3.7309215341276176	Neurog3	6.855447468264499	Beta
2	3.8641687317750324	Neurog3	6.724905188225243	Beta
2	3.997415929422447	Neurog3	6.616795826864395	Beta
2	4.130663127069862	Neurog3	6.528737939430791	Beta
2	4.263910324717277	Neurog3	6.458615025541448	Beta
2	4.397157522364692	Neurog3	6.40452528936329	Beta
2	4.530404720012107	Neurog3	6.364739015823491	Beta
2	4.6636519176595215	Neurog3	6.337662231598498	Beta
2	4.796899115306937	Neurog3	6.321805612363006	Beta
2	4.930146312954352	Neurog3	6.31575783488372	Beta
2	5.063393510601767	Neurog3	6.318162766057629	Beta
2	5.1966407082491815	Neurog3	6.3277000400529335	Beta
2	5.329887905896596	Neurog3	6.343068705891761	Beta
2	5.463135103544011	Neurog3	6.362973736068546	Beta
2	5.596382301191427	Neurog3	6.38611527536328	Beta
2	5.729629498838841	Neurog3	6.411180580103352	Beta
2	5.862876696486256	Neurog3	6.436838652989276	Beta
2	5.996123894133671	Neurog3	6.461737617682789	Beta
2	6.129371091781086	Neurog3	6.484504900660388	Beta
2	6.2626182894285005	Neurog3	6.503750294959246	Beta
2	6.395865487075916	Neurog3	6.518071970791253	Beta
2	6.529112684723331	Neurog3	6.526065471048146	Beta
2	6.662359882370746	Neurog3	6.526335685105279	Beta
2	6.7956070800181605	Neurog3	6.517511732134388	Beta
2	6.928854277665575	Neurog3	6.498264606055089	Beta
2	7.06210147531299	Neurog3	6.4673273397918	Beta
2	7.195348672960405	Neurog3	6.4235173391623785	Beta
2	7.3285958706078205	Neurog3	6.365760420090642	Beta
2	7.461843068255235	Neurog3	6.293115961722976	Beta
2	7.59509026590265	Neurog3	6.204802468359957	Beta
2	7.728337463550065	Neurog3	6.100222721936211	Beta
2	7.86158466119748	Neurog3	5.978987611941503	Beta
2	7.994831858844894	Neurog3	5.840937659531236	Beta
2	8.128079056492309	Neurog3	5.686161215543683	Beta
2	8.261326254139725	Neurog3	5.515008316051088	Beta
2	8.394573451787139	Neurog3	5.328099230629434	Beta
2	8.527820649434554	Neurog3	5.126326788273979	Beta
2	8.66106784708197	Neurog3	4.9108544844588184	Beta
2	8.794315044729384	Neurog3	4.683771317952926	Beta
2	8.9275622423768	Neurog3	4.44879346752996	Beta
2	9.060809440024213	Neurog3	4.209579724051024	Beta
2	9.194056637671629	Neurog3	3.969420927005144	Beta
2	9.327303835319043	Neurog3	3.7312081824652625	Beta
2	9.460551032966459	Neurog3	3.497419329324467	Beta
2	9.593798230613874	Neurog3	3.2701209650451872	Beta
2	9.727045428261288	Neurog3	3.050983126031107	Beta
2	9.860292625908704	Neurog3	2.841303706042956	Beta
2	9.993539823556118	Neurog3	2.642039843721882	Beta
2	10.126787021203533	Neurog3	2.4538437719973847	Beta
2	10.260034218850949	Neurog3	2.277100955983944	Beta
2	10.393281416498363	Neurog3	2.111968714968916	Beta
2	10.526528614145779	Neurog3	1.9584138991696864	Beta
2	10.659775811793192	Neurog3	1.816248549782165	Beta
2	10.793023009440608	Neurog3	1.68516279644416	Beta
2	10.926270207088022	Neurog3	1.5647545297213563	Beta
2	11.059517404735438	Neurog3	1.4545556233608676	Beta
2	11.192764602382853	Neurog3	1.3540546714372592	Beta
2	11.326011800030267	Neurog3	1.2627163517087518	Beta
2	11.459258997677683	Neurog3	1.1799976330108441	Beta
2	11.592506195325097	Neurog3	1.1053611169721744	Beta
2	11.725753392972512	Neurog3	1.0382858488424385	Beta
2	11.859000590619926	Neurog3	0.9782759548764454	Beta
2	11.992247788267342	Neurog3	0.9248674702874352	Beta
2	12.125494985914758	Neurog3	0.8776337175398915	Beta
2	12.258742183562171	Neurog3	0.836189584383975	Beta
2	12.391989381209587	Neurog3	0.800195038686617	Beta
2	12.525236578857001	Neurog3	0.7693582064735238	Beta
2	12.658483776504417	Neurog3	0.7434383340545072	Beta
2	12.791730974151832	Neurog3	0.7222489579670391	Beta
2	12.924978171799246	Neurog3	0.7056616212277267	Beta
2	13.058225369446662	Neurog3	0.6936105050386989	Beta
2	13.191472567094076	Neurog3	0.6860983966210069	Beta
2	13.324719764741491	Neurog3	0.6832044927303478	Beta
2	13.457966962388905	Neurog3	0.6850946534351907	Beta
2	13.591214160036321	Neurog3	0.6920348840618454	Beta
2	13.724461357683737	Neurog3	0.7044090518560381	Beta
2	13.85770855533115	Neurog3	0.7227421619637577	Beta
2	13.990955752978566	Neurog3	0.7477309590879272	Beta
2	14.12420295062598	Neurog3	0.7802842357952825	Beta
2	14.257450148273396	Neurog3	0.8215760868621037	Beta
2	14.39069734592081	Neurog3	0.8731165542919606	Beta
2	14.523944543568225	Neurog3	0.9368458104238497	Beta
2	14.657191741215641	Neurog3	1.0152604489622894	Beta
2	14.790438938863055	Neurog3	1.111583925582716	Beta
2	14.92368613651047	Neurog3	1.2299982045869922	Beta
2	15.056933334157884	Neurog3	1.375520171464988	Beta
2	15.1901805318053	Neurog3	1.4312278181128602	Beta
2	15.323427729452714	Neurog3	1.0523184445106655	Beta
2	15.45667492710013	Neurog3	0.40405898198723844	Beta
2	15.589922124747545	Neurog3	0.059877557661052516	Beta
2	15.72316932239496	Neurog3	0.00253085742560211	Beta
2	15.856416520042375	Neurog3	2.2548524756172477e-05	Beta
1	0.0	Fev	3.5269061914565594	Alpha
1	0.13882284774798587	Fev	3.7736899774538406	Alpha
1	0.27764569549597173	Fev	4.036810120778164	Alpha
1	0.4164685432439576	Fev	4.316284005745318	Alpha
1	0.5552913909919435	Fev	4.6119127751196185	Alpha
1	0.6941142387399293	Fev	4.923243674192463	Alpha
1	0.8329370864879152	Fev	5.2495315059640735	Alpha
1	0.9717599342359011	Fev	5.589700305337393	Alpha
1	1.110582781983887	Fev	5.942306604921158	Alpha
1	1.2494056297318727	Fev	6.305505929445869	Alpha
1	1.3882284774798586	Fev	6.677024404215448	Alpha
1	1.5270513252278446	Fev	7.054137576201627	Alpha
1	1.6658741729758304	Fev	7.433658701971644	Alpha
1	1.8046970207238162	Fev	7.811938829950585	Alpha
1	1.9435198684718022	Fev	8.184880969872868	Alpha
1	2.082342716219788	Fev	8.547970474743376	Alpha
1	2.221165563967774	Fev	8.896323438295317	Alpha
1	2.3599884117157597	Fev	9.224809071138235	Alpha
1	2.4988112594637455	Fev	9.5295803551964	Alpha
1	2.6376341072117313	Fev	9.808513836359015	Alpha
1	2.776456954959717	Fev	10.059879598978728	Alpha
1	2.9152798027077034	Fev	10.282284046434151	Alpha
1	3.054102650455689	Fev	10.47467966357274	Alpha
1	3.192925498203675	Fev	10.636367677814649	Alpha
1	3.331748345951661	Fev	10.766993974209463	Alpha
1	3.4705711936996466	Fev	10.866538783730707	Alpha
1	3.6093940414476324	Fev	10.935300797796982	Alpha
1	3.7482168891956182	Fev	10.973876463292767	Alpha
1	3.8870397369436045	Fev	10.983135280641593	Alpha
1	4.02586258469159	Fev	10.964191963629574	Alpha
1	4.164685432439576	Fev	10.918376325738048	Alpha
1	4.303508280187562	Fev	10.847201736755004	Alpha
1	4.442331127935548	Fev	10.752332949159095	Alpha
1	4.5811539756835336	Fev	10.635554030388379	Alpha
1	4.719976823431519	Fev	10.498737059064702	Alpha
1	4.858799671179505	Fev	10.343812154941391	Alpha
1	4.997622518927491	Fev	10.172739318000225	Alpha
1	5.136445366675477	Fev	9.987482455626534	Alpha
1	5.275268214423463	Fev	9.789985881554976	Alpha
1	5.414091062171448	Fev	9.582153479197254	Alpha
1	5.552913909919434	Fev	9.365830637367292	Alpha
1	5.691736757667421	Fev	9.14278899005938	Alpha
1	5.830559605415407	Fev	8.914713925014414	Alpha
1	5.9693824531633926	Fev	8.68319476901977	Alpha
1	6.108205300911378	Fev	8.449717511462984	Alpha
1	6.247028148659364	Fev	8.215659891446863	Alpha
1	6.38585099640735	Fev	7.982288647301868	Alpha
1	6.524673844155336	Fev	7.750758709884759	Alpha
1	6.663496691903322	Fev	7.522114111736732	Alpha
1	6.802319539651307	Fev	7.297290381985555	Alpha
1	6.941142387399293	Fev	7.077118200752695	Alpha
1	7.079965235147279	Fev	6.862328095700517	Alpha
1	7.218788082895265	Fev	6.6535559761919885	Alpha
1	7.357610930643251	Fev	6.451349316364374	Alpha
1	7.4964337783912365	Fev	6.25617381635451	Alpha
1	7.635256626139222	Fev	6.068420390180716	Alpha
1	7.774079473887209	Fev	5.888412348685539	Alpha
1	7.912902321635195	Fev	5.716412665990881	Alpha
1	8.05172516938318	Fev	5.552631237538219	Alpha
1	8.190548017131166	Fev	5.397232056798781	Alpha
1	8.329370864879152	Fev	5.250340255777024	Alpha
1	8.468193712627137	Fev	5.112048971422135	Alpha
1	8.607016560375124	Fev	4.982426015916522	Alpha
1	8.745839408123109	Fev	4.861467386891813	Alpha
1	8.884662255871095	Fev	4.748750741619073	Alpha
1	9.023485103619082	Fev	4.643695833108348	Alpha
1	9.162307951367067	Fev	4.5457688951410535	Alpha
1	9.301130799115054	Fev	4.454479245646928	Alpha
1	9.439953646863039	Fev	4.369375107931409	Alpha
1	9.578776494611025	Fev	4.290039857974572	Alpha
1	9.71759934235901	Fev	4.216088649896939	Alpha
1	9.856422190106997	Fev	4.147165377503317	Alpha
1	9.995245037854982	Fev	4.082939934889433	Alpha
1	10.134067885602969	Fev	4.02310574352876	Alpha
1	10.272890733350954	Fev	3.9673775171376997	Alpha
1	10.41171358109894	Fev	3.9154892390139318	Alpha
1	10.550536428846925	Fev	3.867192329526986	Alpha
1	10.689359276594912	Fev	3.82225398406019	Alpha
1	10.828182124342897	Fev	3.7804556640094478	Alpha
1	10.967004972090884	Fev	3.7415917254770754	Alpha
1	11.105827819838868	Fev	3.705468172092514	Alpha
1	11.244650667586855	Fev	3.67190151997703	Alpha
1	11.383473515334842	Fev	3.6407177642726123	Alpha
1	11.522296363082827	Fev	3.611751437898358	Alpha
1	11.661119210830813	Fev	3.584844754300662	Alpha
1	11.799942058578798	Fev	3.5598468269430974	Alpha
1	11.938764906326785	Fev	3.536612959153478	Alpha
1	12.07758775407477	Fev	3.5150039987182815	Alpha
1	12.216410601822757	Fev	3.494885752306666	Alpha
1	12.355233449570742	Fev	3.476128455417232	Alpha
1	12.494056297318728	Fev	3.45860629408712	Alpha
1	12.632879145066713	Fev	3.442196975087123	Alpha
1	12.7717019928147	Fev	3.426781341755265	Alpha
1	12.910524840562685	Fev	3.412243033000344	Alpha
1	13.049347688310672	Fev	3.3984681833402113	Alpha
1	13.188170536058657	Fev	3.385345162129926	Alpha
1	13.326993383806643	Fev	3.372764350387033	Alpha
1	13.46581623155463	Fev	3.3606179538364667	Alpha
1	13.604639079302615	Fev	3.3487998509777874	Alpha
1	13.743461927050602	Fev	3.3372054751266607	Alpha
1	13.882284774798586	Fev	3.3257317294990405	Alpha
1	14.021107622546573	Fev	3.3142769344945737	Alpha
1	14.159930470294558	Fev	3.3027408063949206	Alpha
1	14.298753318042545	Fev	3.2910244667241173	Alpha
1	14.43757616579053	Fev	3.279030481523826	Alpha
1	14.576399013538516	Fev	3.2666629297750576	Alpha
1	14.715221861286501	Fev	3.2538275001537125	Alpha
1	14.854044709034488	Fev	3.240431615237714	Alpha
1	14.992867556782473	Fev	3.226384582193275	Alpha
1	15.13169040453046	Fev	3.209452183954152	Alpha
1	15.270513252278445	Fev	3.166734677782099	Alpha
1	15.409336100026431	Fev	3.0656601394559364	Alpha
1	15.548158947774418	Fev	2.880152082260039	Alpha
1	15.686981795522403	Fev	2.597367738442774	Alpha
1	15.82580464327039	Fev	2.223952945629449	Alpha
1	15.964627491018375	Fev	1.7917704780980268	Alpha
1	16.10345033876636	Fev	1.3669470182483547	Alpha
1	16.242273186514346	Fev	1.0010161085972173	Alpha
1	16.38109603426233	Fev	0.7133081234547308	Alpha
1	16.51991888201032	Fev	0.5014026596683699	Alpha
2	0.0	Fev	3.9612298175692016	Beta
2	0.1332471976474149	Fev	4.242234954937269	Beta
2	0.2664943952948298	Fev	4.542104322524362	Beta
2	0.39974159294224476	Fev	4.860880087594236	Beta
2	0.5329887905896596	Fev	5.198353804979882	Beta
2	0.6662359882370745	Fev	5.554021977552597	Beta
2	0.7994831858844895	Fev	5.9270404823432115	Beta
2	0.9327303835319044	Fev	6.316179176125183	Beta
2	1.0659775811793193	Fev	6.719778314188819	Beta
2	1.1992247788267343	Fev	7.135708736329893	Beta
2	1.332471976474149	Fev	7.561338075613907	Beta
2	1.465719174121564	Fev	7.993505504743705	Beta
2	1.598966371768979	Fev	8.428507724462335	Beta
2	1.7322135694163938	Fev	8.86209898810286	Beta
2	1.8654607670638088	Fev	9.289507914626169	Beta
2	1.9987079647112236	Fev	9.705473638676526	Beta
2	2.1319551623586386	Fev	10.10430345273654	Beta
2	2.2652023600060534	Fev	10.479953907620034	Beta
2	2.3984495576534686	Fev	10.826437515928944	Beta
2	2.5316967553008833	Fev	11.140156221341892	Beta
2	2.664943952948298	Fev	11.419007680010006	Beta
2	2.7981911505957133	Fev	11.661354682178285	Beta
2	2.931438348243128	Fev	11.866028165753434	Beta
2	3.064685545890543	Fev	12.032327671374723	Beta
2	3.197932743537958	Fev	12.160012070383404	Beta
2	3.331179941185373	Fev	12.249281539820913	Beta
2	3.4644271388327876	Fev	12.300751843503294	Beta
2	3.5976743364802024	Fev	12.315422118245136	Beta
2	3.7309215341276176	Fev	12.29463745010903	Beta
2	3.8641687317750324	Fev	12.2400475596865	Beta
2	3.997415929422447	Fev	12.153562902191755	Beta
2	4.130663127069862	Fev	12.0373094334157	Beta
2	4.263910324717277	Fev	11.89358320323466	Beta
2	4.397157522364692	Fev	11.724805821864749	Beta
2	4.530404720012107	Fev	11.533481708028484	Beta
2	4.6636519176595215	Fev	11.322157880043077	Beta
2	4.796899115306937	Fev	11.093386897433547	Beta
2	4.930146312954352	Fev	10.849693408123967	Beta
2	5.063393510601767	Fev	10.593544609755845	Beta
2	5.1966407082491815	Fev	10.327324797438054	Beta
2	5.329887905896596	Fev	10.053314047371169	Beta
2	5.463135103544011	Fev	9.773670978528449	Beta
2	5.596382301191427	Fev	9.490419444109136	Beta
2	5.729629498838841	Fev	9.205438931250582	Beta
2	5.862876696486256	Fev	8.920458391212815	Beta
2	5.996123894133671	Fev	8.637053182060207	Beta
2	6.129371091781086	Fev	8.356644780500222	Beta
2	6.2626182894285005	Fev	8.080502907396161	Beta
2	6.395865487075916	Fev	7.80974971077798	Beta
2	6.529112684723331	Fev	7.54536565907722	Beta
2	6.662359882370746	Fev	7.288196813956424	Beta
2	6.7956070800181605	Fev	7.038963174714088	Beta
2	6.928854277665575	Fev	6.79826781317862	Beta
2	7.06210147531299	Fev	6.566606547778389	Beta
2	7.195348672960405	Fev	6.344377936803895	Beta
2	7.3285958706078205	Fev	6.131893402673748	Beta
2	7.461843068255235	Fev	5.929387330400261	Beta
2	7.59509026590265	Fev	5.737027013732467	Beta
2	7.728337463550065	Fev	5.554922351137891	Beta
2	7.86158466119748	Fev	5.383135220534932	Beta
2	7.994831858844894	Fev	5.221688486321906	Beta
2	8.128079056492309	Fev	5.07057461471893	Beta
2	8.261326254139725	Fev	4.929763893803168	Beta
2	8.394573451787139	Fev	4.799212273037572	Beta
2	8.527820649434554	Fev	4.678868872966715	Beta
2	8.66106784708197	Fev	4.568682239364563	Beta
2	8.794315044729384	Fev	4.468360771069141	Beta
2	8.9275622423768	Fev	4.377065020181368	Beta
2	9.060809440024213	Fev	4.293950868593956	Beta
2	9.194056637671629	Fev	4.218249504283018	Beta
2	9.327303835319043	Fev	4.149257547331074	Beta
2	9.460551032966459	Fev	4.086328450192185	Beta
2	9.593798230613874	Fev	4.028865000600634	Beta
2	9.727045428261288	Fev	3.9763127832859917	Beta
2	9.860292625908704	Fev	3.928154479910445	Beta
2	9.993539823556118	Fev	3.8839049062196485	Beta
2	10.126787021203533	Fev	3.843106701888904	Beta
2	10.260034218850949	Fev	3.8053266024655863	Beta
2	10.393281416498363	Fev	3.770152234492026	Beta
2	10.526528614145779	Fev	3.7371893847634907	Beta
2	10.659775811793192	Fev	3.7060597028725204	Beta
2	10.793023009440608	Fev	3.6763988030234103	Beta
2	10.926270207088022	Fev	3.6478547366784837	Beta
2	11.059517404735438	Fev	3.6200868120810776	Beta
2	11.192764602382853	Fev	3.592764740191107	Beta
2	11.326011800030267	Fev	3.565568089158167	Beta
2	11.459258997677683	Fev	3.538186031218739	Beta
2	11.592506195325097	Fev	3.5103173668996863	Beta
2	11.725753392972512	Fev	3.481670811696869	Beta
2	11.859000590619926	Fev	3.451965530029332	Beta
2	11.992247788267342	Fev	3.420931900296275	Beta
2	12.125494985914758	Fev	3.38831249334578	Beta
2	12.258742183562171	Fev	3.3538632446603636	Beta
2	12.391989381209587	Fev	3.31735479814621	Beta
2	12.525236578857001	Fev	3.278573996659137	Beta
2	12.658483776504417	Fev	3.2373254914031984	Beta
2	12.791730974151832	Fev	3.1934334391980705	Beta
2	12.924978171799246	Fev	3.146743253445437	Beta
2	13.058225369446662	Fev	3.097123371556545	Beta
2	13.191472567094076	Fev	3.0444669987695736	Beta
2	13.324719764741491	Fev	2.988693785830935	Beta
2	13.457966962388905	Fev	2.9297513960799444	Beta
2	13.591214160036321	Fev	2.8676169162229734	Beta
2	13.724461357683737	Fev	2.8022980646382827	Beta
2	13.85770855533115	Fev	2.7338341515642006	Beta
2	13.990955752978566	Fev	2.6622967471020607	Beta
2	14.12420295062598	Fev	2.5877900157097766	Beta
2	14.257450148273396	Fev	2.510450679839689	Beta
2	14.39069734592081	Fev	2.4304475806186083	Beta
2	14.523944543568225	Fev	2.347980809972151	Beta
2	14.657191741215641	Fev	2.263280396301803	Beta
2	14.790438938863055	Fev	2.1766045346413128	Beta
2	14.92368613651047	Fev	2.0882373619820846	Beta
2	15.056933334157884	Fev	1.998388010763926	Beta
2	15.1901805318053	Fev	1.8832420030236243	Beta
2	15.323427729452714	Fev	1.6751749902854793	Beta
2	15.45667492710013	Fev	1.3425294550454279	Beta
2	15.589922124747545	Fev	0.9252922411811737	Beta
2	15.72316932239496	Fev	0.5234887283362615	Beta
2	15.856416520042375	Fev	0.23205499859154122	Beta
1	0.0	Gcg	0.6503863130885277	Alpha
1	0.13882284774798587	Gcg	0.7009790488961538	Alpha
1	0.27764569549597173	Gcg	0.755478233530491	Alpha
1	0.4164685432439576	Gcg	0.8141518651608525	Alpha
1	0.5552913909919435	Gcg	0.8772809716440234	Alpha
1	0.6941142387399293	Gcg	0.9451594745387486	Alpha
1	0.8329370864879152	Gcg	1.0180939199571326	Alpha
1	0.9717599342359011	Gcg	1.0964030585218874	Alpha
1	1.110582781983887	Gcg	1.1804172557860555	Alpha
1	1.2494056297318727	Gcg	1.270477713694631	Alpha
1	1.3882284774798586	Gcg	1.366935483065604	Alpha
1	1.5270513252278446	Gcg	1.470150246683434	Alpha
1	1.6658741729758304	Gcg	1.58048885247842	Alpha
1	1.8046970207238162	Gcg	1.6983235764601992	Alpha
1	1.9435198684718022	Gcg	1.8240300956353113	Alpha
1	2.082342716219788	Gcg	1.9579851521223297	Alpha
1	2.221165563967774	Gcg	2.1005638911381648	Alpha
1	2.3599884117157597	Gcg	2.2521385222201586	Alpha
1	2.4988112594637455	Gcg	2.413120862446826	Alpha
1	2.6376341072117313	Gcg	2.5839792433506337	Alpha
1	2.776456954959717	Gcg	2.7652002664991513	Alpha
1	2.9152798027077034	Gcg	2.957286726984063	Alpha
1	3.054102650455689	Gcg	3.1607576988491344	Alpha
1	3.192925498203675	Gcg	3.3761485941060188	Alpha
1	3.331748345951661	Gcg	3.604011194237771	Alpha
1	3.4705711936996466	Gcg	3.8449136531408112	Alpha
1	3.6093940414476324	Gcg	4.099440470512732	Alpha
1	3.7482168891956182	Gcg	4.36819243475567	Alpha
1	3.8870397369436045	Gcg	4.651786534533484	Alpha
1	4.02586258469159	Gcg	4.950855838193963	Alpha
1	4.164685432439576	Gcg	5.2660493403470205	Alpha
1	4.303508280187562	Gcg	5.598031774972075	Alpha
1	4.442331127935548	Gcg	5.947483394519208	Alpha
1	4.5811539756835336	Gcg	6.315099714559883	Alpha
1	4.719976823431519	Gcg	6.701591223641175	Alpha
1	4.858799671179505	Gcg	7.1076830581015145	Alpha
1	4.997622518927491	Gcg	7.534114641707952	Alpha
1	5.136445366675477	Gcg	7.981639290086595	Alpha
1	5.275268214423463	Gcg	8.451023780028276	Alpha
1	5.414091062171448	Gcg	8.943047883866646	Alpha
1	5.552913909919434	Gcg	9.458503869241335	Alpha
1	5.691736757667421	Gcg	9.998195964678114	Alpha
1	5.830559605415407	Gcg	10.56293979153631	Alpha
1	5.9693824531633926	Gcg	11.153561762994173	Alpha
1	6.108205300911378	Gcg	11.770898450863296	Alpha
1	6.247028148659364	Gcg	12.41579592114309	Alpha
1	6.38585099640735	Gcg	13.089109039345368	Alpha
1	6.524673844155336	Gcg	13.79170074673746	Alpha
1	6.663496691903322	Gcg	14.524441308768655	Alpha
1	6.802319539651307	Gcg	15.288207537058065	Alpha
1	6.941142387399293	Gcg	16.083881986435554	Alpha
1	7.079965235147279	Gcg	16.912352128630513	Alpha
1	7.218788082895265	Gcg	17.774509504315382	Alpha
1	7.357610930643251	Gcg	18.67124885530281	Alpha
1	7.4964337783912365	Gcg	19.603467238805976	Alpha
1	7.635256626139222	Gcg	20.572063125687357	Alpha
1	7.774079473887209	Gcg	21.577935484959784	Alpha
1	7.912902321635195	Gcg	22.62198285637684	Alpha
1	8.05172516938318	Gcg	23.705102413655492	Alpha
1	8.190548017131166	Gcg	24.828189020435694	Alpha
1	8.329370864879152	Gcg	25.992134281391028	Alpha
1	8.468193712627137	Gcg	27.197825590889522	Alpha
1	8.607016560375124	Gcg	28.446145181665898	Alpha
1	8.745839408123109	Gcg	29.73811362668935	Alpha
1	8.884662255871095	Gcg	31.075968636110364	Alpha
1	9.023485103619082	Gcg	32.46277828767478	Alpha
1	9.162307951367067	Gcg	33.901974180945246	Alpha
1	9.301130799115054	Gcg	35.39738036175058	Alpha
1	9.439953646863039	Gcg	36.95324876944207	Alpha
1	9.578776494611025	Gcg	38.574298498685	Alpha
1	9.71759934235901	Gcg	40.26575945182685	Alpha
1	9.856422190106997	Gcg	42.03342103720131	Alpha
1	9.995245037854982	Gcg	43.88368665970245	Alpha
1	10.134067885602969	Gcg	45.823634855286336	Alpha
1	10.272890733350954	Gcg	47.86108804181143	Alpha
1	10.41171358109894	Gcg	50.004690000310724	Alpha
1	10.550536428846925	Gcg	52.2639933639606	Alpha
1	10.689359276594912	Gcg	54.64955858329706	Alpha
1	10.828182124342897	Gcg	57.17306605923453	Alpha
1	10.967004972090884	Gcg	59.847443396570206	Alpha
1	11.105827819838868	Gcg	62.68701003686175	Alpha
1	11.244650667586855	Gcg	65.70764188924439	Alpha
1	11.383473515334842	Gcg	68.92695900102139	Alpha
1	11.522296363082827	Gcg	72.36453980874607	Alpha
1	11.661119210830813	Gcg	76.04216609960858	Alpha
1	11.799942058578798	Gcg	79.98410350959357	Alpha
1	11.938764906326785	Gcg	84.21742321057594	Alpha
1	12.07758775407477	Gcg	88.77237141793877	Alpha
1	12.216410601822757	Gcg	93.68279451574105	Alpha
1	12.355233449570742	Gcg	98.98662898396522	Alpha
1	12.494056297318728	Gcg	104.72646696879242	Alpha
1	12.632879145066713	Gcg	110.95021031735922	Alpha
1	12.7717019928147	Gcg	117.71182827128057	Alpha
1	12.910524840562685	Gcg	125.07223686171544	Alpha
1	13.049347688310672	Gcg	133.1003214752429	Alpha
1	13.188170536058657	Gcg	141.87412819007187	Alpha
1	13.326993383806643	Gcg	151.48225447108211	Alpha
1	13.46581623155463	Gcg	162.02547585150333	Alpha
1	13.604639079302615	Gcg	173.6186525554989	Alpha
1	13.743461927050602	Gcg	186.39296892365792	Alpha
1	13.882284774798586	Gcg	200.49856935812522	Alpha
1	14.021107622546573	Gcg	216.10766776135455	Alpha
1	14.159930470294558	Gcg	233.4182236719937	Alpha
1	14.298753318042545	Gcg	252.65829821608438	Alpha
1	14.43757616579053	Gcg	274.0912274869583	Alpha
1	14.576399013538516	Gcg	298.02178117025557	Alpha
1	14.715221861286501	Gcg	324.80351156251913	Alpha
1	14.854044709034488	Gcg	354.8475443920487	Alpha
1	14.992867556782473	Gcg	388.6331203202328	Alpha
1	15.13169040453046	Gcg	426.63346512011685	Alpha
1	15.270513252278445	Gcg	468.452106823878	Alpha
1	15.409336100026431	Gcg	512.8164841252949	Alpha
1	15.548158947774418	Gcg	557.8675491671602	Alpha
1	15.686981795522403	Gcg	601.1161614638509	Alpha
1	15.82580464327039	Gcg	639.4840720243473	Alpha
1	15.964627491018375	Gcg	669.827259750326	Alpha
1	16.10345033876636	Gcg	691.8418044161714	Alpha
1	16.242273186514346	Gcg	707.0986667348251	Alpha
1	16.38109603426233	Gcg	717.639044728102	Alpha
1	16.51991888201032	Gcg	725.7858754956427	Alpha
2	0.0	Gcg	0.39453781564090057	Beta
2	0.1332471976474149	Gcg	0.423468092685869	Beta
2	0.2664943952948298	Gcg	0.45456766550043803	Beta
2	0.39974159294224476	Gcg	0.4880541023702931	Beta
2	0.5329887905896596	Gcg	0.5241731434296751	Beta
2	0.6662359882370745	Gcg	0.5632026950097304	Beta
2	0.7994831858844895	Gcg	0.6054574588104887	Beta
2	0.9327303835319044	Gcg	0.6512943102843004	Beta
2	1.0659775811793193	Gcg	0.7011185629502302	Beta
2	1.1992247788267343	Gcg	0.7553912824104569	Beta
2	1.332471976474149	Gcg	0.8146378466922852	Beta
2	1.465719174121564	Gcg	0.8794579895398089	Beta
2	1.598966371768979	Gcg	0.9505376121071718	Beta
2	1.7322135694163938	Gcg	1.0286627082625537	Beta
2	1.8654607670638088	Gcg	1.1147358220351797	Beta
2	1.9987079647112236	Gcg	1.2097955459422336	Beta
2	2.1319551623586386	Gcg	1.3150396802545563	Beta
2	2.2652023600060534	Gcg	1.431852780268958	Beta
2	2.3984495576534686	Gcg	1.5618153752496338	Beta
2	2.5316967553008833	Gcg	1.7065523270932905	Beta
2	2.664943952948298	Gcg	1.8677989015654344	Beta
2	2.7981911505957133	Gcg	2.0474959303516953	Beta
2	2.931438348243128	Gcg	2.2478133218725227	Beta
2	3.064685545890543	Gcg	2.47117517835939	Beta
2	3.197932743537958	Gcg	2.7202872176142145	Beta
2	3.331179941185373	Gcg	2.998166593270508	Beta
2	3.4644271388327876	Gcg	3.308174195158042	Beta
2	3.5976743364802024	Gcg	3.654049483168139	Beta
2	3.7309215341276176	Gcg	4.0399478710864125	Beta
2	3.8641687317750324	Gcg	4.470480629766277	Beta
2	3.997415929422447	Gcg	4.950757220230426	Beta
2	4.130663127069862	Gcg	5.4864298952272375	Beta
2	4.263910324717277	Gcg	6.0837403208020815	Beta
2	4.397157522364692	Gcg	6.749567865970032	Beta
2	4.530404720012107	Gcg	7.491479087064779	Beta
2	4.6636519176595215	Gcg	8.317777792440875	Beta
2	4.796899115306937	Gcg	9.237554911817817	Beta
2	4.930146312954352	Gcg	10.260737211986884	Beta
2	5.063393510601767	Gcg	11.39813369668265	Beta
2	5.1966407082491815	Gcg	12.661478303682255	Beta
2	5.329887905896596	Gcg	14.06346726806047	Beta
2	5.463135103544011	Gcg	15.617789259503233	Beta
2	5.596382301191427	Gcg	17.339146127490093	Beta
2	5.729629498838841	Gcg	19.243261806301955	Beta
2	5.862876696486256	Gcg	21.346876649377453	Beta
2	5.996123894133671	Gcg	23.667724188448346	Beta
2	6.129371091781086	Gcg	26.22448705843955	Beta
2	6.2626182894285005	Gcg	29.03672860767245	Beta
2	6.395865487075916	Gcg	32.124796540249015	Beta
2	6.529112684723331	Gcg	35.509694831632395	Beta
2	6.662359882370746	Gcg	39.21292013952726	Beta
2	6.7956070800181605	Gcg	43.256259022128425	Beta
2	6.928854277665575	Gcg	47.66154249794447	Beta
2	7.06210147531299	Gcg	52.45035485959076	Beta
2	7.195348672960405	Gcg	57.64369421185047	Beta
2	7.3285958706078205	Gcg	63.26158296407523	Beta
2	7.461843068255235	Gcg	69.3226274881533	Beta
2	7.59509026590265	Gcg	75.84352737069051	Beta
2	7.728337463550065	Gcg	82.8385361505834	Beta
2	7.86158466119748	Gcg	90.31887714141254	Beta
2	7.994831858844894	Gcg	98.2921198822777	Beta
2	8.128079056492309	Gcg	106.76152491911009	Beta
2	8.261326254139725	Gcg	115.72536695491748	Beta
2	8.394573451787139	Gcg	125.17624887018016	Beta
2	8.527820649434554	Gcg	135.10042186405698	Beta
2	8.66106784708197	Gcg	145.47711657181057	Beta
2	8.794315044729384	Gcg	156.27435379522294	Beta
2	8.9275622423768	Gcg	167.4417359704943	Beta
2	9.060809440024213	Gcg	178.9151530136213	Beta
2	9.194056637671629	Gcg	190.61731660977097	Beta
2	9.327303835319043	Gcg	202.45747726437037	Beta
2	9.460551032966459	Gcg	214.3314754396676	Beta
2	9.593798230613874	Gcg	226.1221834890686	Beta
2	9.727045428261288	Gcg	237.70038905246835	Beta
2	9.860292625908704	Gcg	248.92616075790852	Beta
2	9.993539823556118	Gcg	259.6507232693603	Beta
2	10.126787021203533	Gcg	269.7188509252051	Beta
2	10.260034218850949	Gcg	278.97176770025436	Beta
2	10.393281416498363	Gcg	287.2505165621314	Beta
2	10.526528614145779	Gcg	294.39973441310514	Beta
2	10.659775811793192	Gcg	300.27174093195464	Beta
2	10.793023009440608	Gcg	304.730822327686	Beta
2	10.926270207088022	Gcg	307.6575660690733	Beta
2	11.059517404735438	Gcg	308.95308200677806	Beta
2	11.192764602382853	Gcg	308.54293091607735	Beta
2	11.326011800030267	Gcg	306.38057518339053	Beta
2	11.459258997677683	Gcg	302.45016965675757	Beta
2	11.592506195325097	Gcg	296.76852461856254	Beta
2	11.725753392972512	Gcg	289.3860978176938	Beta
2	11.859000590619926	Gcg	280.38690815378186	Beta
2	11.992247788267342	Gcg	269.88730873173034	Beta
2	12.125494985914758	Gcg	258.0336095475183	Beta
2	12.258742183562171	Gcg	244.99859719259305	Beta
2	12.391989381209587	Gcg	230.97705721478908	Beta
2	12.525236578857001	Gcg	216.18046029093233	Beta
2	12.658483776504417	Gcg	200.83102218724963	Beta
2	12.791730974151832	Gcg	185.15538587269336	Beta
2	12.924978171799246	Gcg	169.37819894036613	Beta
2	13.058225369446662	Gcg	153.71586840155038	Beta
2	13.191472567094076	Gcg	138.37076680262604	Beta
2	13.324719764741491	Gcg	123.52613863449541	Beta
2	13.457966962388905	Gcg	109.34191565585883	Beta
2	13.591214160036321	Gcg	95.95159679111946	Beta
2	13.724461357683737	Gcg	83.46028648531711	Beta
2	13.85770855533115	Gcg	71.94391931595324	Beta
2	13.990955752978566	Gcg	61.44963310298151	Beta
2	14.12420295062598	Gcg	51.99719243064187	Beta
2	14.257450148273396	Gcg	43.58131355771335	Beta
2	14.39069734592081	Gcg	36.174703391456426	Beta
2	14.523944543568225	Gcg	29.731601597766176	Beta
2	14.657191741215641	Gcg	24.191606755416544	Beta
2	14.790438938863055	Gcg	19.48357415171284	Beta
2	14.92368613651047	Gcg	15.529392585477577	Beta
2	15.056933334157884	Gcg	12.246403219306691	Beta
2	15.1901805318053	Gcg	9.338577941843129	Beta
2	15.323427729452714	Gcg	6.384699757308926	Beta
2	15.45667492710013	Gcg	3.6017302352968845	Beta
2	15.589922124747545	Gcg	1.5428236510163336	Beta
2	15.72316932239496	Gcg	0.4618269053367843	Beta
2	15.856416520042375	Gcg	0.08890443838839675	Beta
1	0.0	Ins2	1.2076782228679066	Alpha
1	0.13882284774798587	Ins2	1.209150732191323	Alpha
1	0.27764569549597173	Ins2	1.2109682444942491	Alpha
1	0.4164685432439576	Ins2	1.2134762280181133	Alpha
1	0.5552913909919435	Ins2	1.2170238839597634	Alpha
1	0.6941142387399293	Ins2	1.2219666215456086	Alpha
1	0.8329370864879152	Ins2	1.2286695685834061	Alpha
1	0.9717599342359011	Ins2	1.2375121765430466	Alpha
1	1.110582781983887	Ins2	1.2488940124708159	Alpha
1	1.2494056297318727	Ins2	1.2632418735318325	Alpha
1	1.3882284774798586	Ins2	1.2810184155027937	Alpha
1	1.5270513252278446	Ins2	1.3027325567413812	Alpha
1	1.6658741729758304	Ins2	1.3289520077852761	Alpha
1	1.8046970207238162	Ins2	1.36031838899316	Alpha
1	1.9435198684718022	Ins2	1.3975655416858974	Alpha
1	2.082342716219788	Ins2	1.441541821844427	Alpha
1	2.221165563967774	Ins2	1.4932374028667534	Alpha
1	2.3599884117157597	Ins2	1.5538049651782515	Alpha
1	2.4988112594637455	Ins2	1.624254377531758	Alpha
1	2.6376341072117313	Ins2	1.7053846135589812	Alpha
1	2.776456954959717	Ins2	1.7981136746273738	Alpha
1	2.9152798027077034	Ins2	1.9035058334047275	Alpha
1	3.054102650455689	Ins2	2.0227830260984194	Alpha
1	3.192925498203675	Ins2	2.157337860427954	Alpha
1	3.331748345951661	Ins2	2.308748155396775	Alpha
1	3.4705711936996466	Ins2	2.478792908258549	Alpha
1	3.6093940414476324	Ins2	2.6694695505769626	Alpha
1	3.7482168891956182	Ins2	2.8830123078877636	Alpha
1	3.8870397369436045	Ins2	3.121911414916782	Alpha
1	4.02586258469159	Ins2	3.38893285918769	Alpha
1	4.164685432439576	Ins2	3.687138228781251	Alpha
1	4.303508280187562	Ins2	4.019904123739005	Alpha
1	4.442331127935548	Ins2	4.390940454204593	Alpha
1	4.5811539756835336	Ins2	4.804306791492993	Alpha
1	4.719976823431519	Ins2	5.264425761270014	Alpha
1	4.858799671179505	Ins2	5.776092272428691	Alpha
1	4.997622518927491	Ins2	6.344477164037915	Alpha
1	5.136445366675477	Ins2	6.975123630700359	Alpha
1	5.275268214423463	Ins2	7.673934560843761	Alpha
1	5.414091062171448	Ins2	8.44714870258026	Alpha
1	5.552913909919434	Ins2	9.301303370541955	Alpha
1	5.691736757667421	Ins2	10.243181240633083	Alpha
1	5.830559605415407	Ins2	11.279738667578297	Alpha
1	5.9693824531633926	Ins2	12.41801292570011	Alpha
1	6.108205300911378	Ins2	13.665005843051302	Alpha
1	6.247028148659364	Ins2	15.027541502109651	Alpha
1	6.38585099640735	Ins2	16.512096047678146	Alpha
1	6.524673844155336	Ins2	18.12459820558428	Alpha
1	6.663496691903322	Ins2	19.870199903529706	Alpha
1	6.802319539651307	Ins2	21.75301742271248	Alpha
1	6.941142387399293	Ins2	23.77584481252641	Alpha
1	7.079965235147279	Ins2	25.939842875975597	Alpha
1	7.218788082895265	Ins2	28.244208869858717	Alpha
1	7.357610930643251	Ins2	30.685834130610793	Alpha
1	7.4964337783912365	Ins2	33.258959079076895	Alpha
1	7.635256626139222	Ins2	35.95483739203981	Alpha
1	7.774079473887209	Ins2	38.76142344607516	Alpha
1	7.912902321635195	Ins2	41.66309928763388	Alpha
1	8.05172516938318	Ins2	44.640459207636	Alpha
1	8.190548017131166	Ins2	47.67017128427237	Alpha
1	8.329370864879152	Ins2	50.724935811471205	Alpha
1	8.468193712627137	Ins2	53.77356013109632	Alpha
1	8.607016560375124	Ins2	56.781167840111614	Alpha
1	8.745839408123109	Ins2	59.71072717939263	Alpha
1	8.884662255871095	Ins2	62.53234376290268	Alpha
1	9.023485103619082	Ins2	65.22068415384291	Alpha
1	9.162307951367067	Ins2	67.751431968249	Alpha
1	9.301130799115054	Ins2	70.10165649981326	Alpha
1	9.439953646863039	Ins2	72.25018166914434	Alpha
1	9.578776494611025	Ins2	74.17792077379482	Alpha
1	9.71759934235901	Ins2	75.86816945633478	Alpha
1	9.856422190106997	Ins2	77.30685058727072	Alpha
1	9.995245037854982	Ins2	78.48270620584968	Alpha
1	10.134067885602969	Ins2	79.387433217355	Alpha
1	10.272890733350954	Ins2	80.0157611522216	Alpha
1	10.41171358109894	Ins2	80.36547189027185	Alpha
1	10.550536428846925	Ins2	80.43736278925348	Alpha
1	10.689359276594912	Ins2	80.23515607935539	Alpha
1	10.828182124342897	Ins2	79.76535865268715	Alpha
1	10.967004972090884	Ins2	79.03707745443201	Alpha
1	11.105827819838868	Ins2	78.06179654581943	Alpha
1	11.244650667586855	Ins2	76.85312254318075	Alpha
1	11.383473515334842	Ins2	75.42650553670448	Alpha
1	11.522296363082827	Ins2	73.79894276071899	Alpha
1	11.661119210830813	Ins2	71.98867223618196	Alpha
1	11.799942058578798	Ins2	70.01486335431842	Alpha
1	11.938764906326785	Ins2	67.89731094232049	Alpha
1	12.07758775407477	Ins2	65.65613877635613	Alpha
1	12.216410601822757	Ins2	63.31151781460737	Alpha
1	12.355233449570742	Ins2	60.88340364621162	Alpha
1	12.494056297318728	Ins2	58.39129682251044	Alpha
1	12.632879145066713	Ins2	55.8540288855925	Alpha
1	12.7717019928147	Ins2	53.28957606377332	Alpha
1	12.910524840562685	Ins2	50.714901789264474	Alpha
1	13.049347688310672	Ins2	48.1458284309073	Alpha
1	13.188170536058657	Ins2	45.59693794140316	Alpha
1	13.326993383806643	Ins2	43.08150050669815	Alpha
1	13.46581623155463	Ins2	40.61142976351897	Alpha
1	13.604639079302615	Ins2	38.197262724089676	Alpha
1	13.743461927050602	Ins2	35.84816221568083	Alpha
1	13.882284774798586	Ins2	33.57193940458403	Alpha
1	14.021107622546573	Ins2	31.375093824467434	Alpha
1	14.159930470294558	Ins2	29.26286826075917	Alpha
1	14.298753318042545	Ins2	27.23931584710318	Alpha
1	14.43757616579053	Ins2	25.307376797330306	Alpha
1	14.576399013538516	Ins2	23.468962316454075	Alpha
1	14.715221861286501	Ins2	21.725043396567962	Alpha
1	14.854044709034488	Ins2	20.075742397921033	Alpha
1	14.992867556782473	Ins2	18.5204255322414	Alpha
1	15.13169040453046	Ins2	17.050566742647383	Alpha
1	15.270513252278445	Ins2	15.594781151291922	Alpha
1	15.409336100026431	Ins2	14.07351106016093	Alpha
1	15.548158947774418	Ins2	12.445919834508464	Alpha
1	15.686981795522403	Ins2	10.712024655496423	Alpha
1	15.82580464327039	Ins2	8.911582029483506	Alpha
1	15.964627491018375	Ins2	7.125816294855064	Alpha
1	16.10345033876636	Ins2	5.4995536505517535	Alpha
1	16.242273186514346	Ins2	4.133051956899589	Alpha
1	16.38109603426233	Ins2	3.0515092232041754	Alpha
1	16.51991888201032	Ins2	2.2331027645998343	Alpha
2	0.0	Ins2	2.5854506079627884	Beta
2	0.1332471976474149	Ins2	2.322995268859219	Beta
2	0.2664943952948298	Ins2	2.0883779084864535	Beta
2	0.39974159294224476	Ins2	1.8796077470915913	Beta
2	0.5329887905896596	Ins2	1.6946164519473972	Beta
2	0.6662359882370745	Ins2	1.531335504409129	Beta
2	0.7994831858844895	Ins2	1.3877547170709819	Beta
2	0.9327303835319044	Ins2	1.2619646356947678	Beta
2	1.0659775811793193	Ins2	1.152185631215396	Beta
2	1.1992247788267343	Ins2	1.05678638138758	Beta
2	1.332471976474149	Ins2	0.9742942273368304	Beta
2	1.465719174121564	Ins2	0.9033996219285444	Beta
2	1.598966371768979	Ins2	0.8429566063624616	Beta
2	1.7322135694163938	Ins2	0.7919809898501812	Beta
2	1.8654607670638088	Ins2	0.7496476874578345	Beta
2	1.9987079647112236	Ins2	0.71528851052834	Beta
2	2.1319551623586386	Ins2	0.6883916175200431	Beta
2	2.2652023600060534	Ins2	0.6686037692807905	Beta
2	2.3984495576534686	Ins2	0.6556905431634644	Beta
2	2.5316967553008833	Ins2	0.6492318114851748	Beta
2	2.664943952948298	Ins2	0.6488286821318284	Beta
2	2.7981911505957133	Ins2	0.6542556612093624	Beta
2	2.931438348243128	Ins2	0.6654416404288355	Beta
2	3.064685545890543	Ins2	0.6824570551545018	Beta
2	3.197932743537958	Ins2	0.7055070960934676	Beta
2	3.331179941185373	Ins2	0.7349300134768262	Beta
2	3.4644271388327876	Ins2	0.7711998821527055	Beta
2	3.5976743364802024	Ins2	0.8149334293742098	Beta
2	3.7309215341276176	Ins2	0.8669007022063189	Beta
2	3.8641687317750324	Ins2	0.9280394824917348	Beta
2	3.997415929422447	Ins2	0.9994734531406404	Beta
2	4.130663127069862	Ins2	1.0825341851539854	Beta
2	4.263910324717277	Ins2	1.1787870521540342	Beta
2	4.397157522364692	Ins2	1.2900611875900785	Beta
2	4.530404720012107	Ins2	1.4184835762502896	Beta
2	4.6636519176595215	Ins2	1.5665173112277029	Beta
2	4.796899115306937	Ins2	1.737003943143122	Beta
2	4.930146312954352	Ins2	1.9332096915934192	Beta
2	5.063393510601767	Ins2	2.1588750693886722	Beta
2	5.1966407082491815	Ins2	2.4182671770227775	Beta
2	5.329887905896596	Ins2	2.7162335464456184	Beta
2	5.463135103544011	Ins2	3.058255938496254	Beta
2	5.596382301191427	Ins2	3.450501918081576	Beta
2	5.729629498838841	Ins2	3.8998713396556965	Beta
2	5.862876696486256	Ins2	4.4140340729407495	Beta
2	5.996123894133671	Ins2	5.001454393975798	Beta
2	6.129371091781086	Ins2	5.671396480333554	Beta
2	6.2626182894285005	Ins2	6.433904418324489	Beta
2	6.395865487075916	Ins2	7.299749110535802	Beta
2	6.529112684723331	Ins2	8.280333543928887	Beta
2	6.662359882370746	Ins2	9.387547148295603	Beta
2	6.7956070800181605	Ins2	10.633559576693488	Beta
2	6.928854277665575	Ins2	12.030544335596776	Beta
2	7.06210147531299	Ins2	13.590323468392251	Beta
2	7.195348672960405	Ins2	15.323926151808385	Beta
2	7.3285958706078205	Ins2	17.24105680178851	Beta
2	7.461843068255235	Ins2	19.3494722840364	Beta
2	7.59509026590265	Ins2	21.65427321835752	Beta
2	7.728337463550065	Ins2	24.15712120726318	Beta
2	7.86158466119748	Ins2	26.85540204103774	Beta
2	7.994831858844894	Ins2	29.741364307442236	Beta
2	8.128079056492309	Ins2	32.80127294274063	Beta
2	8.261326254139725	Ins2	36.01462745767871	Beta
2	8.394573451787139	Ins2	39.35350398137222	Beta
2	8.527820649434554	Ins2	42.78208724991074	Beta
2	8.66106784708197	Ins2	46.2564938929713	Beta
2	8.794315044729384	Ins2	49.73346615012808	Beta
2	8.9275622423768	Ins2	53.18670951200407	Beta
2	9.060809440024213	Ins2	56.59465613964972	Beta
2	9.194056637671629	Ins2	59.93840295491327	Beta
2	9.327303835319043	Ins2	63.20215371843638	Beta
2	9.460551032966459	Ins2	66.37355637863116	Beta
2	9.593798230613874	Ins2	69.44393613093303	Beta
2	9.727045428261288	Ins2	72.40842989586727	Beta
2	9.860292625908704	Ins2	75.26603236448506	Beta
2	9.993539823556118	Ins2	78.01956724952004	Beta
2	10.126787021203533	Ins2	80.67559989245437	Beta
2	10.260034218850949	Ins2	83.2443089618048	Beta
2	10.393281416498363	Ins2	85.73933574825048	Beta
2	10.526528614145779	Ins2	88.17762968143083	Beta
2	10.659775811793192	Ins2	90.57930834783987	Beta
2	10.793023009440608	Ins2	92.9675496893853	Beta
2	10.926270207088022	Ins2	95.368533418099	Beta
2	11.059517404735438	Ins2	97.81144820580526	Beta
2	11.192764602382853	Ins2	100.32858110510813	Beta
2	11.326011800030267	Ins2	102.9555061350598	Beta
2	11.459258997677683	Ins2	105.7313902313867	Beta
2	11.592506195325097	Ins2	108.6994370429517	Beta
2	11.725753392972512	Ins2	111.90749261122204	Beta
2	11.859000590619926	Ins2	115.40884210944229	Beta
2	11.992247788267342	Ins2	119.26323393743411	Beta
2	12.125494985914758	Ins2	123.5381770808414	Beta
2	12.258742183562171	Ins2	128.31057043570036	Beta
2	12.391989381209587	Ins2	133.66873969331598	Beta
2	12.525236578857001	Ins2	139.71497962948655	Beta
2	12.658483776504417	Ins2	146.5687289540301	Beta
2	12.791730974151832	Ins2	154.37054359052544	Beta
2	12.924978171799246	Ins2	163.28708558750722	Beta
2	13.058225369446662	Ins2	173.51741325114943	Beta
2	13.191472567094076	Ins2	185.30094969522352	Beta
2	13.324719764741491	Ins2	198.92763041604732	Beta
2	13.457966962388905	Ins2	214.7508977632442	Beta
2	13.591214160036321	Ins2	233.2044382779526	Beta
2	13.724461357683737	Ins2	254.82387191867917	Beta
2	13.85770855533115	Ins2	280.2750346223383	Beta
2	13.990955752978566	Ins2	310.39109695777944	Beta
2	14.12420295062598	Ins2	346.2216034769152	Beta
2	14.257450148273396	Ins2	389.0977042034956	Beta
2	14.39069734592081	Ins2	440.71953486995994	Beta
2	14.523944543568225	Ins2	503.2741128217792	Beta
2	14.657191741215641	Ins2	579.5955889489646	Beta
2	14.790438938863055	Ins2	673.3847401724097	Beta
2	14.92368613651047	Ins2	789.5119703187861	Beta
2	15.056933334157884	Ins2	934.4407616133387	Beta
2	15.1901805318053	Ins2	1117.3681206081135	Beta
2	15.323427729452714	Ins2	1352.5167091903418	Beta
2	15.45667492710013	Ins2	1660.7785460641526	Beta
2	15.589922124747545	Ins2	2073.119802710271	Beta
2	15.72316932239496	Ins2	2636.3406407432235	Beta
2	15.856416520042375	Ins2	3422.661602113329	Beta
