lineage	sample	genotype	pseudotime_bin	panel	program_log1pCP10K	n_cells	control_reference	delta_vs_control
Alpha	Control 1	control	1	α lineage TFs	0.09050272266350592	26	0.1553303714885261	-0.06482764882502018
Alpha	Control 1	control	1	α terminal output	0.545278145459848	26	0.5897143496821537	-0.044436204222305764
Alpha	Control 1	control	2	α lineage TFs	0.2752373453979339	38	0.3219579847680413	-0.04672063937010745
Alpha	Control 1	control	2	α terminal output	1.3692372647785338	38	1.2204948267444122	0.14874243803412157
Alpha	Control 1	control	3	α lineage TFs	0.5148463348916221	40	0.4975515022445987	0.017294832647023417
Alpha	Control 1	control	3	α terminal output	2.648889666407931	40	2.304492906300107	0.34439676010782394
Alpha	Control 1	control	4	α lineage TFs	0.8827037224334393	50	0.8811317491794397	0.0015719732539996034
Alpha	Control 1	control	4	α terminal output	4.638501248347928	50	3.6244783985825286	1.0140228497653991
Alpha	Control 1	control	5	α lineage TFs	0.8737423822952546	30	0.9944847529548547	-0.12074237065960014
Alpha	Control 1	control	5	α terminal output	4.903958167071917	30	4.487106132625614	0.41685203444630226
Alpha	Control 2	control	1	α lineage TFs	0.16548511257952858	18	0.1553303714885261	0.010154741091002478
Alpha	Control 2	control	1	α terminal output	0.6031558660918418	18	0.5897143496821537	0.013441516409688048
Alpha	Control 2	control	2	α lineage TFs	0.313641866295409	26	0.3219579847680413	-0.008316118472632306
Alpha	Control 2	control	2	α terminal output	1.1759890468663567	26	1.2204948267444122	-0.044505779878055485
Alpha	Control 2	control	3	α lineage TFs	0.431140449611664	34	0.4975515022445987	-0.06641105263293473
Alpha	Control 2	control	3	α terminal output	2.1026813688937693	34	2.304492906300107	-0.20181153740633784
Alpha	Control 2	control	4	α lineage TFs	0.8823822987215615	32	0.8811317491794397	0.0012505495421217816
Alpha	Control 2	control	4	α terminal output	3.416419784752605	32	3.6244783985825286	-0.20805861382992363
Alpha	Control 2	control	5	α lineage TFs	1.0873390925855162	69	0.9944847529548547	0.09285433963066148
Alpha	Control 2	control	5	α terminal output	4.580592774008888	69	4.487106132625614	0.093486641383274
Alpha	Control 3	control	1	α lineage TFs	0.21000327922254378	78	0.1553303714885261	0.05467290773401767
Alpha	Control 3	control	1	α terminal output	0.6207090374947715	78	0.5897143496821537	0.030994687812617716
Alpha	Control 3	control	2	α lineage TFs	0.37699474261078114	57	0.3219579847680413	0.055036757842739814
Alpha	Control 3	control	2	α terminal output	1.116258168588346	57	1.2204948267444122	-0.10423665815606631
Alpha	Control 3	control	3	α lineage TFs	0.54666772223051	47	0.4975515022445987	0.04911621998591126
Alpha	Control 3	control	3	α terminal output	2.1619076835986206	47	2.304492906300107	-0.14258522270148655
Alpha	Control 3	control	4	α lineage TFs	0.8783092263833182	39	0.8811317491794397	-0.002822522796121496
Alpha	Control 3	control	4	α terminal output	2.8185141626470527	39	3.6244783985825286	-0.805964235935476
Alpha	Control 3	control	5	α lineage TFs	1.0223727839837933	23	0.9944847529548547	0.027888031028938554
Alpha	Control 3	control	5	α terminal output	3.976767456796038	23	4.487106132625614	-0.5103386758295763
Alpha	dEndo 1	dEndo	1	α lineage TFs	0.0741283983075038	1	0.1553303714885261	-0.0812019731810223
Alpha	dEndo 1	dEndo	1	α terminal output	0.26245942993929466	1	0.5897143496821537	-0.3272549197428591
Alpha	dEndo 1	dEndo	2	α lineage TFs	0.1641954937270688	9	0.3219579847680413	-0.15776249104097254
Alpha	dEndo 1	dEndo	2	α terminal output	1.1422587328155036	9	1.2204948267444122	-0.07823609392890862
Alpha	dEndo 1	dEndo	3	α lineage TFs	0.6425861694044126	19	0.4975515022445987	0.1450346671598139
Alpha	dEndo 1	dEndo	3	α terminal output	1.5037508434543692	19	2.304492906300107	-0.800742062845738
Alpha	dEndo 1	dEndo	4	α lineage TFs	0.976799851128128	14	0.8811317491794397	0.09566810194868824
Alpha	dEndo 1	dEndo	4	α terminal output	3.5389568818388346	14	3.6244783985825286	-0.08552151674369401
Alpha	dEndo 1	dEndo	5	α lineage TFs	0.9917501881606676	16	0.9944847529548547	-0.0027345647941871
Alpha	dEndo 1	dEndo	5	α terminal output	3.7148461321059685	16	4.487106132625614	-0.7722600005196458
Alpha	dEndo 2	dEndo	1	α lineage TFs	0.20153496570711185	50	0.1553303714885261	0.04620459421858575
Alpha	dEndo 2	dEndo	1	α terminal output	0.3417552264645714	50	0.5897143496821537	-0.24795912321758234
Alpha	dEndo 2	dEndo	2	α lineage TFs	0.25665693258328603	45	0.3219579847680413	-0.06530105218475529
Alpha	dEndo 2	dEndo	2	α terminal output	1.2704767525141551	45	1.2204948267444122	0.04998192576974292
Alpha	dEndo 2	dEndo	3	α lineage TFs	0.42611041236844266	48	0.4975515022445987	-0.07144108987615605
Alpha	dEndo 2	dEndo	3	α terminal output	1.9785650690536807	48	2.304492906300107	-0.3259278372464265
Alpha	dEndo 2	dEndo	4	α lineage TFs	1.0205185914952077	21	0.8811317491794397	0.13938684231576803
Alpha	dEndo 2	dEndo	4	α terminal output	3.0924226670080888	21	3.6244783985825286	-0.5320557315744399
Alpha	dEndo 2	dEndo	5	α lineage TFs	1.0083672964377175	20	0.9944847529548547	0.013882543482862775
Alpha	dEndo 2	dEndo	5	α terminal output	3.1871604134175504	20	4.487106132625614	-1.299945719208064
Alpha	dEndo 3	dEndo	1	α lineage TFs	0.2048768562572953	222	0.1553303714885261	0.04954648476876919
Alpha	dEndo 3	dEndo	1	α terminal output	0.39492314958619923	222	0.5897143496821537	-0.19479120009595452
Alpha	dEndo 3	dEndo	2	α lineage TFs	0.2663963211594787	151	0.3219579847680413	-0.05556166360856263
Alpha	dEndo 3	dEndo	2	α terminal output	1.1470486696984552	151	1.2204948267444122	-0.07344615704595703
Alpha	dEndo 3	dEndo	3	α lineage TFs	0.4624190199866662	150	0.4975515022445987	-0.03513248225793253
Alpha	dEndo 3	dEndo	3	α terminal output	2.201212448472173	150	2.304492906300107	-0.10328045782793405
Alpha	dEndo 3	dEndo	4	α lineage TFs	0.8028599224903843	120	0.8811317491794397	-0.07827182668905541
Alpha	dEndo 3	dEndo	4	α terminal output	3.3066961701202677	120	3.6244783985825286	-0.3177822284622609
Alpha	dEndo 3	dEndo	5	α lineage TFs	0.9396371787512283	105	0.9944847529548547	-0.054847574203626404
Alpha	dEndo 3	dEndo	5	α terminal output	3.781152851295582	105	4.487106132625614	-0.7059532813300322
Alpha	dEndo 4	dEndo	1	α lineage TFs	0.20716715327383872	119	0.1553303714885261	0.05183678178531262
Alpha	dEndo 4	dEndo	1	α terminal output	0.5884043613352364	119	0.5897143496821537	-0.0013099883469173124
Alpha	dEndo 4	dEndo	2	α lineage TFs	0.2962550618780815	91	0.3219579847680413	-0.025702922889959845
Alpha	dEndo 4	dEndo	2	α terminal output	1.0260742762585762	91	1.2204948267444122	-0.19442055048583606
Alpha	dEndo 4	dEndo	3	α lineage TFs	0.39974728663374154	91	0.4975515022445987	-0.09780421561085717
Alpha	dEndo 4	dEndo	3	α terminal output	1.9633160709263435	91	2.304492906300107	-0.34117683537376364
Alpha	dEndo 4	dEndo	4	α lineage TFs	0.8552949545164861	80	0.8811317491794397	-0.025836794662953633
Alpha	dEndo 4	dEndo	4	α terminal output	3.129799628093357	80	3.6244783985825286	-0.4946787704891715
Alpha	dEndo 4	dEndo	5	α lineage TFs	1.031475091842417	63	0.9944847529548547	0.0369903388875622
Alpha	dEndo 4	dEndo	5	α terminal output	3.7938026465204944	63	4.487106132625614	-0.6933034861051199
Alpha	DKO 1	DKO	1	α lineage TFs	0.21472511165585512	21	0.1553303714885261	0.05939474016732901
Alpha	DKO 1	DKO	1	α terminal output	0.4900452975500596	21	0.5897143496821537	-0.09966905213209415
Alpha	DKO 1	DKO	2	α lineage TFs	0.24941655732151247	23	0.3219579847680413	-0.07254142744652886
Alpha	DKO 1	DKO	2	α terminal output	1.0382431685774538	23	1.2204948267444122	-0.18225165816695843
Alpha	DKO 1	DKO	3	α lineage TFs	0.3484297835288958	20	0.4975515022445987	-0.1491217187157029
Alpha	DKO 1	DKO	3	α terminal output	1.6884668274545547	20	2.304492906300107	-0.6160260788455525
Alpha	DKO 1	DKO	4	α lineage TFs	0.931397825666058	18	0.8811317491794397	0.050266076486618294
Alpha	DKO 1	DKO	4	α terminal output	3.1241969487858228	18	3.6244783985825286	-0.5002814497967059
Alpha	DKO 1	DKO	5	α lineage TFs	1.0209013674619172	25	0.9944847529548547	0.026416614507062453
Alpha	DKO 1	DKO	5	α terminal output	3.461366857657792	25	4.487106132625614	-1.0257392749678225
Alpha	DKO 3	DKO	1	α lineage TFs	0.028426110568393684	2	0.1553303714885261	-0.1269042609201324
Alpha	DKO 3	DKO	1	α terminal output	0.0	2	0.5897143496821537	-0.5897143496821537
Alpha	DKO 3	DKO	2	α lineage TFs	0.04249979794698096	10	0.3219579847680413	-0.2794581868210604
Alpha	DKO 3	DKO	2	α terminal output	0.253248333156123	10	1.2204948267444122	-0.9672464935882892
Alpha	DKO 3	DKO	3	α lineage TFs	0.4610567014322139	12	0.4975515022445987	-0.03649480081238482
Alpha	DKO 3	DKO	3	α terminal output	1.3274314444677187	12	2.304492906300107	-0.9770614618323885
Alpha	DKO 3	DKO	4	α lineage TFs	0.564335519035241	15	0.8811317491794397	-0.31679623014419867
Alpha	DKO 3	DKO	4	α terminal output	1.9272298343548377	15	3.6244783985825286	-1.6972485642276909
Alpha	DKO 3	DKO	5	α lineage TFs	0.7739379414820736	22	0.9944847529548547	-0.2205468114727811
Alpha	DKO 3	DKO	5	α terminal output	2.4366419823608276	22	4.487106132625614	-2.0504641502647867
Beta	Control 1	control	1	β lineage TFs	0.6742211708523715	26	0.6647181447699569	0.0095030260824146
Beta	Control 1	control	1	β terminal output	0.41566808669415006	26	0.3522589932974627	0.06340909339668738
Beta	Control 1	control	2	β lineage TFs	0.5925092658363854	38	0.6979184577596292	-0.10540919192324383
Beta	Control 1	control	2	β terminal output	0.9537667646051214	38	0.6795409981933789	0.27422576641174257
Beta	Control 1	control	3	β lineage TFs	0.6087596023285456	53	0.7641663897454091	-0.15540678741686342
Beta	Control 1	control	3	β terminal output	2.9075308467936574	53	2.0327079246520374	0.8748229221416199
Beta	Control 1	control	4	β lineage TFs	0.9733947576648004	52	1.1074408953503578	-0.1340461376855574
Beta	Control 1	control	4	β terminal output	4.240450145790322	52	3.7538637201755116	0.48658642561481047
Beta	Control 1	control	5	β lineage TFs	1.2326374703250549	32	1.3944697467463698	-0.16183227642131492
Beta	Control 1	control	5	β terminal output	6.077611829741386	32	5.727459039180633	0.3501527905607533
Beta	Control 2	control	1	β lineage TFs	0.601652257320457	17	0.6647181447699569	-0.06306588744949992
Beta	Control 2	control	1	β terminal output	0.2782615521566541	17	0.3522589932974627	-0.07399744114080858
Beta	Control 2	control	2	β lineage TFs	0.7218643200130185	26	0.6979184577596292	0.02394586225338924
Beta	Control 2	control	2	β terminal output	0.4673944496429057	26	0.6795409981933789	-0.21214654855047316
Beta	Control 2	control	3	β lineage TFs	0.8395468304658191	27	0.7641663897454091	0.07538044072041006
Beta	Control 2	control	3	β terminal output	1.5030817506116225	27	2.0327079246520374	-0.5296261740404149
Beta	Control 2	control	4	β lineage TFs	1.1299462070444366	32	1.1074408953503578	0.022505311694078767
Beta	Control 2	control	4	β terminal output	3.593737451095187	32	3.7538637201755116	-0.16012626908032468
Beta	Control 2	control	5	β lineage TFs	1.461433523086895	50	1.3944697467463698	0.06696377634052508
Beta	Control 2	control	5	β terminal output	5.54280116543	50	5.727459039180633	-0.18465787375063236
Beta	Control 3	control	1	β lineage TFs	0.7182810061370423	78	0.6647181447699569	0.053562861367085324
Beta	Control 3	control	1	β terminal output	0.36284734104158395	78	0.3522589932974627	0.010588347744121263
Beta	Control 3	control	2	β lineage TFs	0.7793817874294838	57	0.6979184577596292	0.08146332966985459
Beta	Control 3	control	2	β terminal output	0.6174617803321096	57	0.6795409981933789	-0.06207921786126924
Beta	Control 3	control	3	β lineage TFs	0.8441927364418623	42	0.7641663897454091	0.08002634669645325
Beta	Control 3	control	3	β terminal output	1.6875111765508326	42	2.0327079246520374	-0.3451967481012048
Beta	Control 3	control	4	β lineage TFs	1.2189817213418366	36	1.1074408953503578	0.11154082599147874
Beta	Control 3	control	4	β terminal output	3.4274035636410267	36	3.7538637201755116	-0.3264601565344849
Beta	Control 3	control	5	β lineage TFs	1.4893382468271597	40	1.3944697467463698	0.09486850008078984
Beta	Control 3	control	5	β terminal output	5.561964122370509	40	5.727459039180633	-0.16549491681012363
Beta	dEndo 1	dEndo	1	β lineage TFs	1.0485535482845603	1	0.6647181447699569	0.3838354035146033
Beta	dEndo 1	dEndo	1	β terminal output	0.0	1	0.3522589932974627	-0.3522589932974627
Beta	dEndo 1	dEndo	2	β lineage TFs	0.8443498454088919	9	0.6979184577596292	0.14643138764926267
Beta	dEndo 1	dEndo	2	β terminal output	0.11992889954606578	9	0.6795409981933789	-0.5596120986473131
Beta	dEndo 1	dEndo	3	β lineage TFs	0.3940556667179907	11	0.7641663897454091	-0.3701107230274184
Beta	dEndo 1	dEndo	3	β terminal output	0.8945886235977122	11	2.0327079246520374	-1.1381193010543251
Beta	dEndo 1	dEndo	4	β lineage TFs	0.9017321496389071	4	1.1074408953503578	-0.2057087457114507
Beta	dEndo 1	dEndo	4	β terminal output	4.166331360268725	4	3.7538637201755116	0.412467640093213
Beta	dEndo 1	dEndo	5	β lineage TFs	1.1727662989127496	6	1.3944697467463698	-0.22170344783362017
Beta	dEndo 1	dEndo	5	β terminal output	4.653164415913999	6	5.727459039180633	-1.074294623266634
Beta	dEndo 2	dEndo	1	β lineage TFs	0.6625613420675703	50	0.6647181447699569	-0.0021568027023866065
Beta	dEndo 2	dEndo	1	β terminal output	0.2456253335408557	50	0.3522589932974627	-0.10663365975660699
Beta	dEndo 2	dEndo	2	β lineage TFs	0.6480171938881539	45	0.6979184577596292	-0.04990126387147531
Beta	dEndo 2	dEndo	2	β terminal output	0.6589318188844582	45	0.6795409981933789	-0.0206091793089207
Beta	dEndo 2	dEndo	3	β lineage TFs	0.7822725645614558	37	0.7641663897454091	0.018106174816046705
Beta	dEndo 2	dEndo	3	β terminal output	1.3183065011256998	37	2.0327079246520374	-0.7144014235263376
Beta	dEndo 2	dEndo	4	β lineage TFs	1.0582647877198024	35	1.1074408953503578	-0.049176107630555466
Beta	dEndo 2	dEndo	4	β terminal output	2.9505784062475064	35	3.7538637201755116	-0.8032853139280052
Beta	dEndo 2	dEndo	5	β lineage TFs	1.3439604439384008	34	1.3944697467463698	-0.05050930280796906
Beta	dEndo 2	dEndo	5	β terminal output	5.603644881265644	34	5.727459039180633	-0.12381415791498895
Beta	dEndo 3	dEndo	1	β lineage TFs	0.6769143405074404	222	0.6647181447699569	0.012196195737483428
Beta	dEndo 3	dEndo	1	β terminal output	0.07836945440274824	222	0.3522589932974627	-0.27388953889471446
Beta	dEndo 3	dEndo	2	β lineage TFs	0.6994183995962456	151	0.6979184577596292	0.001499941836616392
Beta	dEndo 3	dEndo	2	β terminal output	0.25905800366261694	151	0.6795409981933789	-0.42048299453076193
Beta	dEndo 3	dEndo	3	β lineage TFs	0.6332555255782322	113	0.7641663897454091	-0.1309108641671769
Beta	dEndo 3	dEndo	3	β terminal output	0.9577697016954078	113	2.0327079246520374	-1.0749382229566296
Beta	dEndo 3	dEndo	4	β lineage TFs	0.9179176772854097	87	1.1074408953503578	-0.1895232180649481
Beta	dEndo 3	dEndo	4	β terminal output	3.2793893799984524	87	3.7538637201755116	-0.47447434017705925
Beta	dEndo 3	dEndo	5	β lineage TFs	1.2862004187483278	90	1.3944697467463698	-0.10826932799804201
Beta	dEndo 3	dEndo	5	β terminal output	5.413829493987017	90	5.727459039180633	-0.3136295451936153
Beta	dEndo 4	dEndo	1	β lineage TFs	0.6728014903776102	119	0.6647181447699569	0.008083345607653225
Beta	dEndo 4	dEndo	1	β terminal output	0.2915332128026077	119	0.3522589932974627	-0.060725780494855
Beta	dEndo 4	dEndo	2	β lineage TFs	0.8492551148358319	91	0.6979184577596292	0.1513366570762027
Beta	dEndo 4	dEndo	2	β terminal output	0.4664283501097515	91	0.6795409981933789	-0.2131126480836274
Beta	dEndo 4	dEndo	3	β lineage TFs	0.9050367544090824	67	0.7641663897454091	0.1408703646636733
Beta	dEndo 4	dEndo	3	β terminal output	1.3727355329841544	67	2.0327079246520374	-0.659972391667883
Beta	dEndo 4	dEndo	4	β lineage TFs	1.2917935816921062	47	1.1074408953503578	0.1843526863417484
Beta	dEndo 4	dEndo	4	β terminal output	3.3920489914367633	47	3.7538637201755116	-0.3618147287387483
Beta	dEndo 4	dEndo	5	β lineage TFs	1.4100119075471869	33	1.3944697467463698	0.015542160800817051
Beta	dEndo 4	dEndo	5	β terminal output	5.401617999787479	33	5.727459039180633	-0.32584103939315323
Beta	DKO 1	DKO	1	β lineage TFs	0.780420577881276	21	0.6647181447699569	0.115702433111319
Beta	DKO 1	DKO	1	β terminal output	0.0838239162036891	21	0.3522589932974627	-0.26843507709377357
Beta	DKO 1	DKO	2	β lineage TFs	0.7480961301404653	23	0.6979184577596292	0.050177672380836036
Beta	DKO 1	DKO	2	β terminal output	0.4629390673874528	23	0.6795409981933789	-0.2166019308059261
Beta	DKO 1	DKO	3	β lineage TFs	0.741846119661982	13	0.7641663897454091	-0.022320270083427074
Beta	DKO 1	DKO	3	β terminal output	1.5901759865340697	13	2.0327079246520374	-0.44253193811796776
Beta	DKO 1	DKO	4	β lineage TFs	1.049262199450325	19	1.1074408953503578	-0.05817869590003277
Beta	DKO 1	DKO	4	β terminal output	3.3141471588308735	19	3.7538637201755116	-0.4397165613446381
Beta	DKO 1	DKO	5	β lineage TFs	1.331069065856145	11	1.3944697467463698	-0.06340068089022477
Beta	DKO 1	DKO	5	β terminal output	4.5599210214783	11	5.727459039180633	-1.1675380177023325
Beta	DKO 3	DKO	1	β lineage TFs	0.8947848046253908	2	0.6647181447699569	0.23006665985543384
Beta	DKO 3	DKO	1	β terminal output	0.5136610924279791	2	0.3522589932974627	0.1614020991305164
Beta	DKO 3	DKO	2	β lineage TFs	0.37895122350042865	10	0.6979184577596292	-0.3189672342592006
Beta	DKO 3	DKO	2	β terminal output	0.5970146670005649	10	0.6795409981933789	-0.08252633119281394
Beta	DKO 3	DKO	3	β lineage TFs	0.8882362018133184	8	0.7641663897454091	0.12406981206790935
Beta	DKO 3	DKO	3	β terminal output	1.8619119259759398	8	2.0327079246520374	-0.17079599867609763
Beta	DKO 3	DKO	4	β lineage TFs	0.8369143245146398	13	1.1074408953503578	-0.27052657083571807
Beta	DKO 3	DKO	4	β terminal output	3.319391880715392	13	3.7538637201755116	-0.43447183946011947
Beta	DKO 3	DKO	5	β lineage TFs	1.4259736198245525	23	1.3944697467463698	0.0315038730781827
Beta	DKO 3	DKO	5	β terminal output	5.2331887714325775	23	5.727459039180633	-0.49427026774805505
