gene_id	beam_rank	status	family	pval	qval	gene_name	gene_short_name	feature_type	highly_variable	num_cells_expressed	use_for_ordering	labelled
ENSMUSG00000041245	1	OK	negbinomial.size	0.0	0.0	Wnk3	Wnk3	Gene Expression	True	1869	True	False
ENSMUSG00000067786	2	OK	negbinomial.size	0.0	0.0	Nnat	Nnat	Gene Expression	True	1706	True	False
ENSMUSG00000031170	3	OK	negbinomial.size	0.0	0.0	Slc38a5	Slc38a5	Gene Expression	True	2402	True	False
ENSMUSG00000052572	4	OK	negbinomial.size	0.0	0.0	Dlg2	Dlg2	Gene Expression	True	932	True	False
ENSMUSG00000057069	5	OK	negbinomial.size	0.0	0.0	Ero1lb	Ero1lb	Gene Expression	True	1892	True	False
ENSMUSG00000047591	6	OK	negbinomial.size	0.0	0.0	Mafa	Mafa	Gene Expression	True	688	True	True
ENSMUSG00000061808	7	OK	negbinomial.size	0.0	0.0	Ttr	Ttr	Gene Expression	True	2835	True	True
ENSMUSG00000031099	8	OK	negbinomial.size	0.0	0.0	Smarca1	Smarca1	Gene Expression	True	2262	True	False
ENSMUSG00000022490	9	OK	negbinomial.size	0.0	0.0	Ppp1r1a	Ppp1r1a	Gene Expression	True	1326	True	False
ENSMUSG00000054728	10	OK	negbinomial.size	0.0	0.0	Phactr1	Phactr1	Gene Expression	True	1653	True	False
ENSMUSG00000029467	11	OK	negbinomial.size	0.0	0.0	Atp2a2	Atp2a2	Gene Expression	True	2809	True	False
ENSMUSG00000032776	12	OK	negbinomial.size	0.0	0.0	Mctp2	Mctp2	Gene Expression	True	1290	True	False
ENSMUSG00000029673	13	OK	negbinomial.size	0.0	0.0	Auts2	Auts2	Gene Expression	True	2733	True	False
ENSMUSG00000061601	14	OK	negbinomial.size	0.0	0.0	Pclo	Pclo	Gene Expression	True	2784	True	False
ENSMUSG00000040856	15	OK	negbinomial.size	0.0	0.0	Dlk1	Dlk1	Gene Expression	True	2349	True	False
ENSMUSG00000035804	16	OK	negbinomial.size	0.0	0.0	Ins1	Ins1	Gene Expression	True	1561	True	True
ENSMUSG00000027690	17	OK	negbinomial.size	0.0	0.0	Slc2a2	Slc2a2	Gene Expression	True	693	True	False
ENSMUSG00000078974	18	OK	negbinomial.size	0.0	0.0	Sec61g	Sec61g	Gene Expression	False	2996	True	False
ENSMUSG00000017311	19	OK	negbinomial.size	0.0	0.0	Pyy	Pyy	Gene Expression	True	2406	True	False
ENSMUSG00000017316	20	OK	negbinomial.size	0.0	0.0	Ppy	Ppy	Gene Expression	True	986	True	False
ENSMUSG00000029644	21	OK	negbinomial.size	0.0	0.0	Pdx1	Pdx1	Gene Expression	True	2140	True	True
ENSMUSG00000000215	22	OK	negbinomial.size	0.0	0.0	Ins2	Ins2	Gene Expression	False	2167	True	True
ENSMUSG00000046178	23	OK	negbinomial.size	0.0	0.0	Nxph1	Nxph1	Gene Expression	True	1176	True	False
ENSMUSG00000031255	24	OK	negbinomial.size	0.0	0.0	Sytl4	Sytl4	Gene Expression	True	946	True	False
ENSMUSG00000064177	25	OK	negbinomial.size	0.0	0.0	Ghrl	Ghrl	Gene Expression	True	908	True	False
ENSMUSG00000021794	26	OK	negbinomial.size	0.0	0.0	Glud1	Glud1	Gene Expression	False	2961	True	False
ENSMUSG00000091956	27	OK	negbinomial.size	0.0	0.0	C2cd4b	C2cd4b	Gene Expression	True	1627	True	False
ENSMUSG00000026864	28	OK	negbinomial.size	0.0	0.0	Hspa5	Hspa5	Gene Expression	False	2891	True	False
ENSMUSG00000035277	29	OK	negbinomial.size	0.0	0.0	Arx	Arx	Gene Expression	True	1515	True	True
ENSMUSG00000053317	30	OK	negbinomial.size	0.0	0.0	Sec61b	Sec61b	Gene Expression	False	3027	True	False
ENSMUSG00000004151	31	OK	negbinomial.size	0.0	0.0	Etv1	Etv1	Gene Expression	True	1952	True	False
ENSMUSG00000092035	32	OK	negbinomial.size	0.0	0.0	Peg10	Peg10	Gene Expression	True	1797	True	False
ENSMUSG00000031093	33	OK	negbinomial.size	0.0	0.0	Dock11	Dock11	Gene Expression	True	1926	True	False
ENSMUSG00000015401	34	OK	negbinomial.size	0.0	0.0	Cltrn	Cltrn	Gene Expression	True	2140	True	False
ENSMUSG00000006586	35	OK	negbinomial.size	0.0	0.0	Runx1t1	Runx1t1	Gene Expression	True	2608	True	False
ENSMUSG00000036402	36	OK	negbinomial.size	0.0	0.0	Gng12	Gng12	Gene Expression	True	2549	True	False
ENSMUSG00000002265	37	OK	negbinomial.size	0.0	0.0	Peg3	Peg3	Gene Expression	False	3026	True	False
ENSMUSG00000000394	38	OK	negbinomial.size	0.0	0.0	Gcg	Gcg	Gene Expression	False	1462	True	True
ENSMUSG00000017165	39	OK	negbinomial.size	0.0	0.0	Gast	Gast	Gene Expression	True	1400	True	False
ENSMUSG00000029819	40	OK	negbinomial.size	0.0	0.0	Npy	Npy	Gene Expression	True	327	True	False
ENSMUSG00000041681	41	OK	negbinomial.size	0.0	0.0	Iapp	Iapp	Gene Expression	True	2203	True	True
ENSMUSG00000027984	42	OK	negbinomial.size	0.0	0.0	Hadh	Hadh	Gene Expression	True	2144	True	False
ENSMUSG00000052387	43	OK	negbinomial.size	0.0	0.0	Trpm3	Trpm3	Gene Expression	True	1247	True	False
ENSMUSG00000021699	44	OK	negbinomial.size	0.0	0.0	Pde4d	Pde4d	Gene Expression	True	2325	True	False
ENSMUSG00000001504	45	OK	negbinomial.size	8.843290329729057e-307	3.243129340255969e-304	Irx2	Irx2	Gene Expression	True	1008	True	True
ENSMUSG00000052305	46	OK	negbinomial.size	2.972889463184478e-297	1.0665564089333358e-294	Hbb-bs	Hbb-bs	Gene Expression	True	193	False	False
ENSMUSG00000032575	47	OK	negbinomial.size	4.7322805594197016e-291	1.6616345972787944e-288	Manf	Manf	Gene Expression	False	2791	True	False
ENSMUSG00000027971	48	OK	negbinomial.size	1.0878456086849419e-286	3.7401491833599157e-284	Ndst4	Ndst4	Gene Expression	True	1040	True	False
ENSMUSG00000060969	49	OK	negbinomial.size	2.443702667572937e-286	8.230290841419631e-284	Irx1	Irx1	Gene Expression	True	907	True	True
ENSMUSG00000022769	50	OK	negbinomial.size	2.793708452395136e-277	9.220914117975383e-275	Sdf2l1	Sdf2l1	Gene Expression	True	1642	True	False
ENSMUSG00000021587	51	OK	negbinomial.size	1.5779973132293038e-276	5.106213658867293e-274	Pcsk1	Pcsk1	Gene Expression	False	2366	True	False
ENSMUSG00000067028	52	OK	negbinomial.size	6.476672790765087e-276	2.055471751269158e-273	Cntnap5b	Cntnap5b	Gene Expression	True	913	True	False
ENSMUSG00000052942	53	OK	negbinomial.size	8.415428452256202e-276	2.620373882029889e-273	Glis3	Glis3	Gene Expression	True	2237	True	False
ENSMUSG00000006546	54	OK	negbinomial.size	1.498967360519233e-270	4.5810108056757236e-268	Cryba2	Cryba2	Gene Expression	True	2588	True	False
ENSMUSG00000022636	55	OK	negbinomial.size	2.6705282987165668e-266	8.013041547949002e-264	Alcam	Alcam	Gene Expression	True	2537	True	False
ENSMUSG00000043531	56	OK	negbinomial.size	2.756938379134325e-263	8.124598941223887e-261	Sorcs1	Sorcs1	Gene Expression	True	766	True	False
ENSMUSG00000003814	57	OK	negbinomial.size	1.3865335412697236e-241	4.014379479223552e-239	Calr	Calr	Gene Expression	False	2820	True	False
ENSMUSG00000071679	58	OK	negbinomial.size	2.9893133457579955e-238	8.505627266386931e-236	Rtl4	Rtl4	Gene Expression	True	1058	True	False
ENSMUSG00000089996	59	OK	negbinomial.size	5.9448237380245414e-238	1.6628377313325252e-235	Tmsb15b2	Tmsb15b2	Gene Expression	True	2671	True	False
ENSMUSG00000029088	60	OK	negbinomial.size	1.0314186276592976e-237	2.8369169353768983e-235	Kcnip4	Kcnip4	Gene Expression	True	927	True	True
ENSMUSG00000009734	61	OK	negbinomial.size	4.19233579504762e-236	1.134198649601162e-233	Pou6f2	Pou6f2	Gene Expression	True	649	False	False
ENSMUSG00000033717	62	OK	negbinomial.size	1.0609108049365858e-230	2.8239050022368507e-228	Adra2a	Adra2a	Gene Expression	False	927	False	False
ENSMUSG00000014351	63	OK	negbinomial.size	1.7314404502285648e-230	4.535549484146351e-228	Gip	Gip	Gene Expression	True	418	False	False
ENSMUSG00000025909	64	OK	negbinomial.size	2.2967709961504448e-229	5.922439335854811e-227	Sntg1	Sntg1	Gene Expression	True	735	True	False
ENSMUSG00000033981	65	OK	negbinomial.size	6.989529246176246e-220	1.7745877099945629e-217	Gria2	Gria2	Gene Expression	True	1027	True	False
ENSMUSG00000020048	66	OK	negbinomial.size	8.459328911555118e-212	2.115216742839305e-209	Hsp90b1	Hsp90b1	Gene Expression	False	2963	True	False
ENSMUSG00000039697	67	OK	negbinomial.size	1.887679752523281e-211	4.649608799386822e-209	Ncoa7	Ncoa7	Gene Expression	True	2264	True	False
ENSMUSG00000026163	68	OK	negbinomial.size	1.0337489732371384e-206	2.508817544901838e-204	Sphkap	Sphkap	Gene Expression	True	2411	True	False
ENSMUSG00000059173	69	OK	negbinomial.size	5.312477185364517e-206	1.2706059563778352e-203	Pde1a	Pde1a	Gene Expression	True	1364	True	False
ENSMUSG00000059401	70	OK	negbinomial.size	3.690178976562599e-204	8.699860521458939e-202	Mamld1	Mamld1	Gene Expression	True	2043	True	False
ENSMUSG00000035187	71	OK	negbinomial.size	1.9090269427742582e-202	4.437277695296279e-200	Nkx6-1	Nkx6-1	Gene Expression	False	2512	True	True
ENSMUSG00000031561	72	OK	negbinomial.size	9.38821769064204e-199	2.1518577298425775e-196	Tenm3	Tenm3	Gene Expression	True	1471	True	False
ENSMUSG00000020571	73	OK	negbinomial.size	3.6955850640469614e-198	8.354553467392742e-196	Pdia6	Pdia6	Gene Expression	False	2719	True	False
ENSMUSG00000052595	74	OK	negbinomial.size	3.895807582355848e-195	8.688177369137643e-193	A1cf	A1cf	Gene Expression	True	1687	True	False
ENSMUSG00000037996	75	OK	negbinomial.size	1.9982193472543546e-194	4.3968818516984805e-192	Slc24a2	Slc24a2	Gene Expression	True	940	False	False
ENSMUSG00000001173	76	OK	negbinomial.size	1.7249496667194835e-193	3.745637414456794e-191	Ocrl	Ocrl	Gene Expression	False	2540	True	False
ENSMUSG00000020176	77	OK	negbinomial.size	2.6115326802851227e-191	5.59715893801888e-189	Grb10	Grb10	Gene Expression	False	2952	True	False
ENSMUSG00000079157	78	OK	negbinomial.size	4.4664861817452494e-185	9.450054032992544e-183	Fam155a	Fam155a	Gene Expression	True	2507	True	False
ENSMUSG00000039607	79	OK	negbinomial.size	9.210501453015568e-180	1.9240620946723526e-177	Rbms3	Rbms3	Gene Expression	False	2694	True	False
ENSMUSG00000027210	80	OK	negbinomial.size	8.295356775693313e-179	1.7112284108658343e-176	Meis2	Meis2	Gene Expression	False	3006	True	False
ENSMUSG00000024899	81	OK	negbinomial.size	1.317861677626605e-176	2.6850211439347983e-174	Papss2	Papss2	Gene Expression	True	1799	True	False
ENSMUSG00000056854	82	OK	negbinomial.size	5.556884294663886e-175	1.1183568477419282e-172	Pou3f4	Pou3f4	Gene Expression	True	1632	True	True
ENSMUSG00000062380	83	OK	negbinomial.size	7.182454778531306e-175	1.4280970025313514e-172	Tubb3	Tubb3	Gene Expression	True	2068	False	False
ENSMUSG00000031428	84	OK	negbinomial.size	1.8064043588427764e-170	3.5489394207121834e-168	Zcchc18	Zcchc18	Gene Expression	True	2298	True	False
ENSMUSG00000004366	85	OK	negbinomial.size	3.6984897662238273e-169	7.180726660234332e-167	Sst	Sst	Gene Expression	True	322	False	False
ENSMUSG00000021194	86	OK	negbinomial.size	1.1757944969031974e-168	2.2562949514411007e-166	Chga	Chga	Gene Expression	True	2840	True	False
ENSMUSG00000035000	87	OK	negbinomial.size	6.489194011913565e-163	1.2309329744667766e-160	Dpp4	Dpp4	Gene Expression	True	1321	True	False
ENSMUSG00000018411	88	OK	negbinomial.size	1.1100598031666752e-162	2.081740560415868e-160	Mapt	Mapt	Gene Expression	True	924	True	False
ENSMUSG00000041658	89	OK	negbinomial.size	5.674645188133049e-162	1.0522322420197721e-159	Rragb	Rragb	Gene Expression	True	1668	True	False
ENSMUSG00000022139	90	OK	negbinomial.size	2.07006887384406e-160	3.795816291672057e-158	Mbnl2	Mbnl2	Gene Expression	False	2905	True	False
ENSMUSG00000020857	91	OK	negbinomial.size	2.961639370486897e-158	5.37098181660937e-156	Nme2	Nme2	Gene Expression	False	2954	True	False
ENSMUSG00000022054	92	OK	negbinomial.size	1.9680319832769922e-156	3.5302643282630666e-154	Nefm	Nefm	Gene Expression	True	1298	True	False
ENSMUSG00000039263	93	OK	negbinomial.size	3.9367641723093995e-156	6.985851519959357e-154	Npepl1	Npepl1	Gene Expression	False	2078	True	False
ENSMUSG00000034871	94	OK	negbinomial.size	4.4362914777177186e-153	7.788523218805904e-151	Fam151a	Fam151a	Gene Expression	False	785	False	False
ENSMUSG00000022708	95	OK	negbinomial.size	1.0699534521027149e-152	1.8586780863211686e-150	Zbtb20	Zbtb20	Gene Expression	False	3011	True	False
ENSMUSG00000063446	96	OK	negbinomial.size	3.511870552556048e-152	6.037124971753382e-150	Plppr1	Plppr1	Gene Expression	True	744	True	False
ENSMUSG00000040387	97	OK	negbinomial.size	3.7333789696532506e-149	6.351747745998721e-147	Klhl32	Klhl32	Gene Expression	True	2413	True	False
ENSMUSG00000087259	98	OK	negbinomial.size	3.204070543962639e-148	5.39558940683831e-146	2610035D17Rik	2610035D17Rik	Gene Expression	True	1648	False	False
ENSMUSG00000025812	99	OK	negbinomial.size	4.8266253263822373e-147	8.045838157705662e-145	Pard3	Pard3	Gene Expression	True	2644	True	False
ENSMUSG00000072235	100	OK	negbinomial.size	4.999001563790279e-145	8.249852280723097e-143	Tuba1a	Tuba1a	Gene Expression	False	2752	True	False
